,Sex,Age Group,Year,Citizen category,Ethnic,Population ('000)
0,Male,00-04,2010,Malaysian citizens,Bumiputera,942.03
1,Male,00-04,2010,Malaysian citizens,Chinese,223.155
2,Male,00-04,2010,Malaysian citizens,Indians,76.216
3,Male,00-04,2010,Malaysian citizens,Others,18.894
4,Male,00-04,2010,Non-Malaysian citizens,Foreigner,27.892
5,Male,05-09,2010,Malaysian citizens,Bumiputera,978.715
6,Male,05-09,2010,Malaysian citizens,Chinese,255.267
7,Male,05-09,2010,Malaysian citizens,Indians,86.434
8,Male,05-09,2010,Malaysian citizens,Others,15.979
9,Male,05-09,2010,Non-Malaysian citizens,Foreigner,28.141
10,Male,10-14,2010,Malaysian citizens,Bumiputera,961.801
11,Male,10-14,2010,Malaysian citizens,Chinese,267.983
12,Male,10-14,2010,Malaysian citizens,Indians,89.593
13,Male,10-14,2010,Malaysian citizens,Others,14.127
14,Male,10-14,2010,Non-Malaysian citizens,Foreigner,24.848
15,Male,15-19,2010,Malaysian citizens,Bumiputera,953.138
16,Male,15-19,2010,Malaysian citizens,Chinese,282.891
17,Male,15-19,2010,Malaysian citizens,Indians,91.699
18,Male,15-19,2010,Malaysian citizens,Others,13.313
19,Male,15-19,2010,Non-Malaysian citizens,Foreigner,112.721
20,Male,20-24,2010,Malaysian citizens,Bumiputera,862.558
21,Male,20-24,2010,Malaysian citizens,Chinese,270.084
22,Male,20-24,2010,Malaysian citizens,Indians,94.535
23,Male,20-24,2010,Malaysian citizens,Others,12.052
24,Male,20-24,2010,Non-Malaysian citizens,Foreigner,264.763
25,Male,25-29,2010,Malaysian citizens,Bumiputera,783.147
26,Male,25-29,2010,Malaysian citizens,Chinese,270.034
27,Male,25-29,2010,Malaysian citizens,Indians,90.177
28,Male,25-29,2010,Malaysian citizens,Others,9.857
29,Male,25-29,2010,Non-Malaysian citizens,Foreigner,325.659
30,Male,30-34,2010,Malaysian citizens,Bumiputera,608.821
31,Male,30-34,2010,Malaysian citizens,Chinese,252.502
32,Male,30-34,2010,Malaysian citizens,Indians,76.734
33,Male,30-34,2010,Malaysian citizens,Others,5.953
34,Male,30-34,2010,Non-Malaysian citizens,Foreigner,218.368
35,Male,35-39,2010,Malaysian citizens,Bumiputera,545.737
36,Male,35-39,2010,Malaysian citizens,Chinese,243.167
37,Male,35-39,2010,Malaysian citizens,Indians,67.564
38,Male,35-39,2010,Malaysian citizens,Others,4.844
39,Male,35-39,2010,Non-Malaysian citizens,Foreigner,152.391
40,Male,40-44,2010,Malaysian citizens,Bumiputera,506.044
41,Male,40-44,2010,Malaysian citizens,Chinese,234.761
42,Male,40-44,2010,Malaysian citizens,Indians,63.132
43,Male,40-44,2010,Malaysian citizens,Others,4.945
44,Male,40-44,2010,Non-Malaysian citizens,Foreigner,99.516
45,Male,45-49,2010,Malaysian citizens,Bumiputera,474.205
46,Male,45-49,2010,Malaysian citizens,Chinese,233.582
47,Male,45-49,2010,Malaysian citizens,Indians,64.029
48,Male,45-49,2010,Malaysian citizens,Others,4.8
49,Male,45-49,2010,Non-Malaysian citizens,Foreigner,63.478
50,Male,50-54,2010,Malaysian citizens,Bumiputera,397.679
51,Male,50-54,2010,Malaysian citizens,Chinese,209.577
52,Male,50-54,2010,Malaysian citizens,Indians,54.895
53,Male,50-54,2010,Malaysian citizens,Others,4.679
54,Male,50-54,2010,Non-Malaysian citizens,Foreigner,39.824
55,Male,55-59,2010,Malaysian citizens,Bumiputera,306.608
56,Male,55-59,2010,Malaysian citizens,Chinese,174.007
57,Male,55-59,2010,Malaysian citizens,Indians,41.195
58,Male,55-59,2010,Malaysian citizens,Others,3.495
59,Male,55-59,2010,Non-Malaysian citizens,Foreigner,21.663
60,Male,60-64,2010,Malaysian citizens,Bumiputera,225.577
61,Male,60-64,2010,Malaysian citizens,Chinese,145.432
62,Male,60-64,2010,Malaysian citizens,Indians,29.758
63,Male,60-64,2010,Malaysian citizens,Others,2.032
64,Male,60-64,2010,Non-Malaysian citizens,Foreigner,13.972
65,Male,65-69,2010,Malaysian citizens,Bumiputera,144.773
66,Male,65-69,2010,Malaysian citizens,Chinese,100.128
67,Male,65-69,2010,Malaysian citizens,Indians,15.623
68,Male,65-69,2010,Malaysian citizens,Others,1.483
69,Male,65-69,2010,Non-Malaysian citizens,Foreigner,8.416
70,Male,70-74,2010,Malaysian citizens,Bumiputera,105.979
71,Male,70-74,2010,Malaysian citizens,Chinese,76.545
72,Male,70-74,2010,Malaysian citizens,Indians,11.48
73,Male,70-74,2010,Malaysian citizens,Others,0.993
74,Male,70-74,2010,Non-Malaysian citizens,Foreigner,5.66
75,Male,75-79,2010,Malaysian citizens,Bumiputera,58.648
76,Male,75-79,2010,Malaysian citizens,Chinese,40.274
77,Male,75-79,2010,Malaysian citizens,Indians,6.945
78,Male,75-79,2010,Malaysian citizens,Others,0.662
79,Male,75-79,2010,Non-Malaysian citizens,Foreigner,3.43
80,Male,80+,2010,Malaysian citizens,Bumiputera,59.767
81,Male,80+,2010,Malaysian citizens,Chinese,34.556
82,Male,80+,2010,Malaysian citizens,Indians,6.197
83,Male,80+,2010,Malaysian citizens,Others,0.752
84,Male,80+,2010,Non-Malaysian citizens,Foreigner,5.562
85,Female,00-04,2010,Malaysian citizens,Bumiputera,894.207
86,Female,00-04,2010,Malaysian citizens,Chinese,209.632
87,Female,00-04,2010,Malaysian citizens,Indians,73.012
88,Female,00-04,2010,Malaysian citizens,Others,17.375
89,Female,00-04,2010,Non-Malaysian citizens,Foreigner,26.181
90,Female,05-09,2010,Malaysian citizens,Bumiputera,931.24
91,Female,05-09,2010,Malaysian citizens,Chinese,240.671
92,Female,05-09,2010,Malaysian citizens,Indians,83.08
93,Female,05-09,2010,Malaysian citizens,Others,14.807
94,Female,05-09,2010,Non-Malaysian citizens,Foreigner,25.146
95,Female,10-14,2010,Malaysian citizens,Bumiputera,917.91
96,Female,10-14,2010,Malaysian citizens,Chinese,254.839
97,Female,10-14,2010,Malaysian citizens,Indians,87.562
98,Female,10-14,2010,Malaysian citizens,Others,13.041
99,Female,10-14,2010,Non-Malaysian citizens,Foreigner,22.286
100,Female,15-19,2010,Malaysian citizens,Bumiputera,930.062
101,Female,15-19,2010,Malaysian citizens,Chinese,267.004
102,Female,15-19,2010,Malaysian citizens,Indians,89.276
103,Female,15-19,2010,Malaysian citizens,Others,12.66
104,Female,15-19,2010,Non-Malaysian citizens,Foreigner,84.612
105,Female,20-24,2010,Malaysian citizens,Bumiputera,865.002
106,Female,20-24,2010,Malaysian citizens,Chinese,265.697
107,Female,20-24,2010,Malaysian citizens,Indians,90.248
108,Female,20-24,2010,Malaysian citizens,Others,11.897
109,Female,20-24,2010,Non-Malaysian citizens,Foreigner,175.121
110,Female,25-29,2010,Malaysian citizens,Bumiputera,771.419
111,Female,25-29,2010,Malaysian citizens,Chinese,261.835
112,Female,25-29,2010,Malaysian citizens,Indians,87.939
113,Female,25-29,2010,Malaysian citizens,Others,9.716
114,Female,25-29,2010,Non-Malaysian citizens,Foreigner,179.836
115,Female,30-34,2010,Malaysian citizens,Bumiputera,589.744
116,Female,30-34,2010,Malaysian citizens,Chinese,231.069
117,Female,30-34,2010,Malaysian citizens,Indians,72.716
118,Female,30-34,2010,Malaysian citizens,Others,6.493
119,Female,30-34,2010,Non-Malaysian citizens,Foreigner,119.258
120,Female,35-39,2010,Malaysian citizens,Bumiputera,545.53
121,Female,35-39,2010,Malaysian citizens,Chinese,225.207
122,Female,35-39,2010,Malaysian citizens,Indians,66.883
123,Female,35-39,2010,Malaysian citizens,Others,5.584
124,Female,35-39,2010,Non-Malaysian citizens,Foreigner,97.85
125,Female,40-44,2010,Malaysian citizens,Bumiputera,514.824
126,Female,40-44,2010,Malaysian citizens,Chinese,228.219
127,Female,40-44,2010,Malaysian citizens,Indians,66.607
128,Female,40-44,2010,Malaysian citizens,Others,5.325
129,Female,40-44,2010,Non-Malaysian citizens,Foreigner,68.082
130,Female,45-49,2010,Malaysian citizens,Bumiputera,459.678
131,Female,45-49,2010,Malaysian citizens,Chinese,206.629
132,Female,45-49,2010,Malaysian citizens,Indians,62.744
133,Female,45-49,2010,Malaysian citizens,Others,4.623
134,Female,45-49,2010,Non-Malaysian citizens,Foreigner,40.532
135,Female,50-54,2010,Malaysian citizens,Bumiputera,392.662
136,Female,50-54,2010,Malaysian citizens,Chinese,186.876
137,Female,50-54,2010,Malaysian citizens,Indians,55.856
138,Female,50-54,2010,Malaysian citizens,Others,3.729
139,Female,50-54,2010,Non-Malaysian citizens,Foreigner,25.002
140,Female,55-59,2010,Malaysian citizens,Bumiputera,301.303
141,Female,55-59,2010,Malaysian citizens,Chinese,157.724
142,Female,55-59,2010,Malaysian citizens,Indians,42.347
143,Female,55-59,2010,Malaysian citizens,Others,2.578
144,Female,55-59,2010,Non-Malaysian citizens,Foreigner,15.121
145,Female,60-64,2010,Malaysian citizens,Bumiputera,229.032
146,Female,60-64,2010,Malaysian citizens,Chinese,133.173
147,Female,60-64,2010,Malaysian citizens,Indians,32.33
148,Female,60-64,2010,Malaysian citizens,Others,1.828
149,Female,60-64,2010,Non-Malaysian citizens,Foreigner,10.367
150,Female,65-69,2010,Malaysian citizens,Bumiputera,152.379
151,Female,65-69,2010,Malaysian citizens,Chinese,89.844
152,Female,65-69,2010,Malaysian citizens,Indians,17.496
153,Female,65-69,2010,Malaysian citizens,Others,1.291
154,Female,65-69,2010,Non-Malaysian citizens,Foreigner,6.61
155,Female,70-74,2010,Malaysian citizens,Bumiputera,118.762
156,Female,70-74,2010,Malaysian citizens,Chinese,70.909
157,Female,70-74,2010,Malaysian citizens,Indians,13.757
158,Female,70-74,2010,Malaysian citizens,Others,0.872
159,Female,70-74,2010,Non-Malaysian citizens,Foreigner,4.328
160,Female,75-79,2010,Malaysian citizens,Bumiputera,69.408
161,Female,75-79,2010,Malaysian citizens,Chinese,41.562
162,Female,75-79,2010,Malaysian citizens,Indians,8.854
163,Female,75-79,2010,Malaysian citizens,Others,0.595
164,Female,75-79,2010,Non-Malaysian citizens,Foreigner,3.029
165,Female,80+,2010,Malaysian citizens,Bumiputera,78.41
166,Female,80+,2010,Malaysian citizens,Chinese,45.554
167,Female,80+,2010,Malaysian citizens,Indians,7.986
168,Female,80+,2010,Malaysian citizens,Others,0.736
169,Female,80+,2010,Non-Malaysian citizens,Foreigner,4.875
170,Male,00-04,2011,Malaysian citizens,Bumiputera,940.3
171,Male,00-04,2011,Malaysian citizens,Chinese,215.9
172,Male,00-04,2011,Malaysian citizens,Indians,74.2
173,Male,00-04,2011,Malaysian citizens,Others,20.7
174,Male,00-04,2011,Non-Malaysian citizens,Foreigner,37.0
175,Male,05-09,2011,Malaysian citizens,Bumiputera,967.7
176,Male,05-09,2011,Malaysian citizens,Chinese,247.1
177,Male,05-09,2011,Malaysian citizens,Indians,84.2
178,Male,05-09,2011,Malaysian citizens,Others,16.6
179,Male,05-09,2011,Non-Malaysian citizens,Foreigner,29.2
180,Male,10-14,2011,Malaysian citizens,Bumiputera,968.2
181,Male,10-14,2011,Malaysian citizens,Chinese,267.2
182,Male,10-14,2011,Malaysian citizens,Indians,89.7
183,Male,10-14,2011,Malaysian citizens,Others,14.4
184,Male,10-14,2011,Non-Malaysian citizens,Foreigner,25.7
185,Male,15-19,2011,Malaysian citizens,Bumiputera,960.5
186,Male,15-19,2011,Malaysian citizens,Chinese,282.2
187,Male,15-19,2011,Malaysian citizens,Indians,91.1
188,Male,15-19,2011,Malaysian citizens,Others,13.4
189,Male,15-19,2011,Non-Malaysian citizens,Foreigner,118.0
190,Male,20-24,2011,Malaysian citizens,Bumiputera,880.6
191,Male,20-24,2011,Malaysian citizens,Chinese,271.9
192,Male,20-24,2011,Malaysian citizens,Indians,94.0
193,Male,20-24,2011,Malaysian citizens,Others,12.4
194,Male,20-24,2011,Non-Malaysian citizens,Foreigner,276.6
195,Male,25-29,2011,Malaysian citizens,Bumiputera,806.3
196,Male,25-29,2011,Malaysian citizens,Chinese,271.0
197,Male,25-29,2011,Malaysian citizens,Indians,91.5
198,Male,25-29,2011,Malaysian citizens,Others,10.5
199,Male,25-29,2011,Non-Malaysian citizens,Foreigner,341.6
200,Male,30-34,2011,Malaysian citizens,Bumiputera,636.8
201,Male,30-34,2011,Malaysian citizens,Chinese,255.3
202,Male,30-34,2011,Malaysian citizens,Indians,79.1
203,Male,30-34,2011,Malaysian citizens,Others,6.5
204,Male,30-34,2011,Non-Malaysian citizens,Foreigner,229.5
205,Male,35-39,2011,Malaysian citizens,Bumiputera,551.9
206,Male,35-39,2011,Malaysian citizens,Chinese,244.5
207,Male,35-39,2011,Malaysian citizens,Indians,68.7
208,Male,35-39,2011,Malaysian citizens,Others,4.9
209,Male,35-39,2011,Non-Malaysian citizens,Foreigner,159.1
210,Male,40-44,2011,Malaysian citizens,Bumiputera,510.1
211,Male,40-44,2011,Malaysian citizens,Chinese,235.2
212,Male,40-44,2011,Malaysian citizens,Indians,63.0
213,Male,40-44,2011,Malaysian citizens,Others,4.9
214,Male,40-44,2011,Non-Malaysian citizens,Foreigner,103.9
215,Male,45-49,2011,Malaysian citizens,Bumiputera,481.1
216,Male,45-49,2011,Malaysian citizens,Chinese,234.5
217,Male,45-49,2011,Malaysian citizens,Indians,63.6
218,Male,45-49,2011,Malaysian citizens,Others,4.8
219,Male,45-49,2011,Non-Malaysian citizens,Foreigner,66.5
220,Male,50-54,2011,Malaysian citizens,Bumiputera,412.1
221,Male,50-54,2011,Malaysian citizens,Chinese,214.5
222,Male,50-54,2011,Malaysian citizens,Indians,56.6
223,Male,50-54,2011,Malaysian citizens,Others,4.7
224,Male,50-54,2011,Non-Malaysian citizens,Foreigner,42.2
225,Male,55-59,2011,Malaysian citizens,Bumiputera,320.2
226,Male,55-59,2011,Malaysian citizens,Chinese,179.0
227,Male,55-59,2011,Malaysian citizens,Indians,43.0
228,Male,55-59,2011,Malaysian citizens,Others,3.7
229,Male,55-59,2011,Non-Malaysian citizens,Foreigner,23.2
230,Male,60-64,2011,Malaysian citizens,Bumiputera,237.5
231,Male,60-64,2011,Malaysian citizens,Chinese,150.4
232,Male,60-64,2011,Malaysian citizens,Indians,31.6
233,Male,60-64,2011,Malaysian citizens,Others,2.2
234,Male,60-64,2011,Non-Malaysian citizens,Foreigner,14.6
235,Male,65-69,2011,Malaysian citizens,Bumiputera,152.7
236,Male,65-69,2011,Malaysian citizens,Chinese,105.6
237,Male,65-69,2011,Malaysian citizens,Indians,17.3
238,Male,65-69,2011,Malaysian citizens,Others,1.5
239,Male,65-69,2011,Non-Malaysian citizens,Foreigner,8.7
240,Male,70-74,2011,Malaysian citizens,Bumiputera,108.7
241,Male,70-74,2011,Malaysian citizens,Chinese,79.2
242,Male,70-74,2011,Malaysian citizens,Indians,11.7
243,Male,70-74,2011,Malaysian citizens,Others,1.0
244,Male,70-74,2011,Non-Malaysian citizens,Foreigner,5.8
245,Male,75-79,2011,Malaysian citizens,Bumiputera,61.9
246,Male,75-79,2011,Malaysian citizens,Chinese,43.9
247,Male,75-79,2011,Malaysian citizens,Indians,7.3
248,Male,75-79,2011,Malaysian citizens,Others,0.7
249,Male,75-79,2011,Non-Malaysian citizens,Foreigner,3.6
250,Male,80+,2011,Malaysian citizens,Bumiputera,61.7
251,Male,80+,2011,Malaysian citizens,Chinese,36.6
252,Male,80+,2011,Malaysian citizens,Indians,6.6
253,Male,80+,2011,Malaysian citizens,Others,0.8
254,Male,80+,2011,Non-Malaysian citizens,Foreigner,5.8
255,Female,00-04,2011,Malaysian citizens,Bumiputera,891.6
256,Female,00-04,2011,Malaysian citizens,Chinese,201.2
257,Female,00-04,2011,Malaysian citizens,Indians,71.2
258,Female,00-04,2011,Malaysian citizens,Others,19.0
259,Female,00-04,2011,Non-Malaysian citizens,Foreigner,34.4
260,Female,05-09,2011,Malaysian citizens,Bumiputera,920.6
261,Female,05-09,2011,Malaysian citizens,Chinese,232.7
262,Female,05-09,2011,Malaysian citizens,Indians,80.4
263,Female,05-09,2011,Malaysian citizens,Others,15.4
264,Female,05-09,2011,Non-Malaysian citizens,Foreigner,26.0
265,Female,10-14,2011,Malaysian citizens,Bumiputera,922.9
266,Female,10-14,2011,Malaysian citizens,Chinese,254.5
267,Female,10-14,2011,Malaysian citizens,Indians,86.7
268,Female,10-14,2011,Malaysian citizens,Others,13.4
269,Female,10-14,2011,Non-Malaysian citizens,Foreigner,22.9
270,Female,15-19,2011,Malaysian citizens,Bumiputera,932.4
271,Female,15-19,2011,Malaysian citizens,Chinese,265.6
272,Female,15-19,2011,Malaysian citizens,Indians,88.8
273,Female,15-19,2011,Malaysian citizens,Others,12.6
274,Female,15-19,2011,Non-Malaysian citizens,Foreigner,88.0
275,Female,20-24,2011,Malaysian citizens,Bumiputera,878.7
276,Female,20-24,2011,Malaysian citizens,Chinese,265.9
277,Female,20-24,2011,Malaysian citizens,Indians,90.0
278,Female,20-24,2011,Malaysian citizens,Others,12.2
279,Female,20-24,2011,Non-Malaysian citizens,Foreigner,182.6
280,Female,25-29,2011,Malaysian citizens,Bumiputera,798.5
281,Female,25-29,2011,Malaysian citizens,Chinese,264.8
282,Female,25-29,2011,Malaysian citizens,Indians,89.5
283,Female,25-29,2011,Malaysian citizens,Others,10.3
284,Female,25-29,2011,Non-Malaysian citizens,Foreigner,187.5
285,Female,30-34,2011,Malaysian citizens,Bumiputera,618.0
286,Female,30-34,2011,Malaysian citizens,Chinese,235.7
287,Female,30-34,2011,Malaysian citizens,Indians,75.4
288,Female,30-34,2011,Malaysian citizens,Others,7.0
289,Female,30-34,2011,Non-Malaysian citizens,Foreigner,124.2
290,Female,35-39,2011,Malaysian citizens,Bumiputera,549.2
291,Female,35-39,2011,Malaysian citizens,Chinese,224.4
292,Female,35-39,2011,Malaysian citizens,Indians,67.1
293,Female,35-39,2011,Malaysian citizens,Others,5.7
294,Female,35-39,2011,Non-Malaysian citizens,Foreigner,101.9
295,Female,40-44,2011,Malaysian citizens,Bumiputera,521.8
296,Female,40-44,2011,Malaysian citizens,Chinese,229.2
297,Female,40-44,2011,Malaysian citizens,Indians,66.6
298,Female,40-44,2011,Malaysian citizens,Others,5.4
299,Female,40-44,2011,Non-Malaysian citizens,Foreigner,71.3
300,Female,45-49,2011,Malaysian citizens,Bumiputera,471.0
301,Female,45-49,2011,Malaysian citizens,Chinese,210.9
302,Female,45-49,2011,Malaysian citizens,Indians,63.6
303,Female,45-49,2011,Malaysian citizens,Others,4.8
304,Female,45-49,2011,Non-Malaysian citizens,Foreigner,42.8
305,Female,50-54,2011,Malaysian citizens,Bumiputera,406.6
306,Female,50-54,2011,Malaysian citizens,Chinese,191.1
307,Female,50-54,2011,Malaysian citizens,Indians,57.5
308,Female,50-54,2011,Malaysian citizens,Others,3.9
309,Female,50-54,2011,Non-Malaysian citizens,Foreigner,26.6
310,Female,55-59,2011,Malaysian citizens,Bumiputera,316.3
311,Female,55-59,2011,Malaysian citizens,Chinese,162.4
312,Female,55-59,2011,Malaysian citizens,Indians,44.5
313,Female,55-59,2011,Malaysian citizens,Others,2.8
314,Female,55-59,2011,Non-Malaysian citizens,Foreigner,16.0
315,Female,60-64,2011,Malaysian citizens,Bumiputera,241.1
316,Female,60-64,2011,Malaysian citizens,Chinese,138.6
317,Female,60-64,2011,Malaysian citizens,Indians,34.3
318,Female,60-64,2011,Malaysian citizens,Others,1.9
319,Female,60-64,2011,Non-Malaysian citizens,Foreigner,10.8
320,Female,65-69,2011,Malaysian citizens,Bumiputera,161.1
321,Female,65-69,2011,Malaysian citizens,Chinese,95.9
322,Female,65-69,2011,Malaysian citizens,Indians,19.4
323,Female,65-69,2011,Malaysian citizens,Others,1.4
324,Female,65-69,2011,Non-Malaysian citizens,Foreigner,6.9
325,Female,70-74,2011,Malaysian citizens,Bumiputera,122.2
326,Female,70-74,2011,Malaysian citizens,Chinese,73.5
327,Female,70-74,2011,Malaysian citizens,Indians,13.9
328,Female,70-74,2011,Malaysian citizens,Others,0.9
329,Female,70-74,2011,Non-Malaysian citizens,Foreigner,4.3
330,Female,75-79,2011,Malaysian citizens,Bumiputera,72.8
331,Female,75-79,2011,Malaysian citizens,Chinese,44.4
332,Female,75-79,2011,Malaysian citizens,Indians,9.3
333,Female,75-79,2011,Malaysian citizens,Others,0.6
334,Female,75-79,2011,Non-Malaysian citizens,Foreigner,3.1
335,Female,80+,2011,Malaysian citizens,Bumiputera,80.8
336,Female,80+,2011,Malaysian citizens,Chinese,46.4
337,Female,80+,2011,Malaysian citizens,Indians,8.5
338,Female,80+,2011,Malaysian citizens,Others,0.7
339,Female,80+,2011,Non-Malaysian citizens,Foreigner,4.9
340,Male,00-04,2012,Malaysian citizens,Bumiputera,949.7
341,Male,00-04,2012,Malaysian citizens,Chinese,211.2
342,Male,00-04,2012,Malaysian citizens,Indians,71.9
343,Male,00-04,2012,Malaysian citizens,Others,21.3
344,Male,00-04,2012,Non-Malaysian citizens,Foreigner,45.9
345,Male,05-09,2012,Malaysian citizens,Bumiputera,955.3
346,Male,05-09,2012,Malaysian citizens,Chinese,240.9
347,Male,05-09,2012,Malaysian citizens,Indians,81.9
348,Male,05-09,2012,Malaysian citizens,Others,17.3
349,Male,05-09,2012,Non-Malaysian citizens,Foreigner,29.8
350,Male,10-14,2012,Malaysian citizens,Bumiputera,973.8
351,Male,10-14,2012,Malaysian citizens,Chinese,264.9
352,Male,10-14,2012,Malaysian citizens,Indians,89.3
353,Male,10-14,2012,Malaysian citizens,Others,14.6
354,Male,10-14,2012,Non-Malaysian citizens,Foreigner,26.3
355,Male,15-19,2012,Malaysian citizens,Bumiputera,962.8
356,Male,15-19,2012,Malaysian citizens,Chinese,279.0
357,Male,15-19,2012,Malaysian citizens,Indians,90.6
358,Male,15-19,2012,Malaysian citizens,Others,13.6
359,Male,15-19,2012,Non-Malaysian citizens,Foreigner,122.9
360,Male,20-24,2012,Malaysian citizens,Bumiputera,899.1
361,Male,20-24,2012,Malaysian citizens,Chinese,275.1
362,Male,20-24,2012,Malaysian citizens,Indians,93.5
363,Male,20-24,2012,Malaysian citizens,Others,12.9
364,Male,20-24,2012,Non-Malaysian citizens,Foreigner,288.0
365,Male,25-29,2012,Malaysian citizens,Bumiputera,819.4
366,Male,25-29,2012,Malaysian citizens,Chinese,270.5
367,Male,25-29,2012,Malaysian citizens,Indians,92.5
368,Male,25-29,2012,Malaysian citizens,Others,11.0
369,Male,25-29,2012,Non-Malaysian citizens,Foreigner,354.2
370,Male,30-34,2012,Malaysian citizens,Bumiputera,672.3
371,Male,30-34,2012,Malaysian citizens,Chinese,258.2
372,Male,30-34,2012,Malaysian citizens,Indians,81.6
373,Male,30-34,2012,Malaysian citizens,Others,7.2
374,Male,30-34,2012,Non-Malaysian citizens,Foreigner,238.1
375,Male,35-39,2012,Malaysian citizens,Bumiputera,557.7
376,Male,35-39,2012,Malaysian citizens,Chinese,245.2
377,Male,35-39,2012,Malaysian citizens,Indians,69.6
378,Male,35-39,2012,Malaysian citizens,Others,5.0
379,Male,35-39,2012,Non-Malaysian citizens,Foreigner,164.7
380,Male,40-44,2012,Malaysian citizens,Bumiputera,515.4
381,Male,40-44,2012,Malaysian citizens,Chinese,235.9
382,Male,40-44,2012,Malaysian citizens,Indians,63.1
383,Male,40-44,2012,Malaysian citizens,Others,4.8
384,Male,40-44,2012,Non-Malaysian citizens,Foreigner,107.0
385,Male,45-49,2012,Malaysian citizens,Bumiputera,485.5
386,Male,45-49,2012,Malaysian citizens,Chinese,234.0
387,Male,45-49,2012,Malaysian citizens,Indians,62.8
388,Male,45-49,2012,Malaysian citizens,Others,4.8
389,Male,45-49,2012,Non-Malaysian citizens,Foreigner,68.6
390,Male,50-54,2012,Malaysian citizens,Bumiputera,425.8
391,Male,50-54,2012,Malaysian citizens,Chinese,219.0
392,Male,50-54,2012,Malaysian citizens,Indians,57.9
393,Male,50-54,2012,Malaysian citizens,Others,4.7
394,Male,50-54,2012,Non-Malaysian citizens,Foreigner,43.9
395,Male,55-59,2012,Malaysian citizens,Bumiputera,334.4
396,Male,55-59,2012,Malaysian citizens,Chinese,184.3
397,Male,55-59,2012,Malaysian citizens,Indians,45.0
398,Male,55-59,2012,Malaysian citizens,Others,4.0
399,Male,55-59,2012,Non-Malaysian citizens,Foreigner,24.6
400,Male,60-64,2012,Malaysian citizens,Bumiputera,248.8
401,Male,60-64,2012,Malaysian citizens,Chinese,154.2
402,Male,60-64,2012,Malaysian citizens,Indians,32.9
403,Male,60-64,2012,Malaysian citizens,Others,2.4
404,Male,60-64,2012,Non-Malaysian citizens,Foreigner,15.2
405,Male,65-69,2012,Malaysian citizens,Bumiputera,163.2
406,Male,65-69,2012,Malaysian citizens,Chinese,112.5
407,Male,65-69,2012,Malaysian citizens,Indians,19.5
408,Male,65-69,2012,Malaysian citizens,Others,1.5
409,Male,65-69,2012,Non-Malaysian citizens,Foreigner,9.0
410,Male,70-74,2012,Malaysian citizens,Bumiputera,110.1
411,Male,70-74,2012,Malaysian citizens,Chinese,80.4
412,Male,70-74,2012,Malaysian citizens,Indians,11.6
413,Male,70-74,2012,Malaysian citizens,Others,1.1
414,Male,70-74,2012,Non-Malaysian citizens,Foreigner,5.8
415,Male,75-79,2012,Malaysian citizens,Bumiputera,66.3
416,Male,75-79,2012,Malaysian citizens,Chinese,48.6
417,Male,75-79,2012,Malaysian citizens,Indians,7.7
418,Male,75-79,2012,Malaysian citizens,Others,0.6
419,Male,75-79,2012,Non-Malaysian citizens,Foreigner,3.7
420,Male,80+,2012,Malaysian citizens,Bumiputera,63.5
421,Male,80+,2012,Malaysian citizens,Chinese,38.3
422,Male,80+,2012,Malaysian citizens,Indians,6.9
423,Male,80+,2012,Malaysian citizens,Others,0.7
424,Male,80+,2012,Non-Malaysian citizens,Foreigner,6.1
425,Female,00-04,2012,Malaysian citizens,Bumiputera,897.5
426,Female,00-04,2012,Malaysian citizens,Chinese,196.0
427,Female,00-04,2012,Malaysian citizens,Indians,69.3
428,Female,00-04,2012,Malaysian citizens,Others,19.5
429,Female,00-04,2012,Non-Malaysian citizens,Foreigner,42.5
430,Female,05-09,2012,Malaysian citizens,Bumiputera,909.7
431,Female,05-09,2012,Malaysian citizens,Chinese,226.3
432,Female,05-09,2012,Malaysian citizens,Indians,78.1
433,Female,05-09,2012,Malaysian citizens,Others,16.0
434,Female,05-09,2012,Non-Malaysian citizens,Foreigner,26.7
435,Female,10-14,2012,Malaysian citizens,Bumiputera,927.0
436,Female,10-14,2012,Malaysian citizens,Chinese,251.7
437,Female,10-14,2012,Malaysian citizens,Indians,85.3
438,Female,10-14,2012,Malaysian citizens,Others,13.6
439,Female,10-14,2012,Non-Malaysian citizens,Foreigner,23.5
440,Female,15-19,2012,Malaysian citizens,Bumiputera,929.4
441,Female,15-19,2012,Malaysian citizens,Chinese,263.0
442,Female,15-19,2012,Malaysian citizens,Indians,88.2
443,Female,15-19,2012,Malaysian citizens,Others,12.9
444,Female,15-19,2012,Non-Malaysian citizens,Foreigner,91.3
445,Female,20-24,2012,Malaysian citizens,Bumiputera,891.2
446,Female,20-24,2012,Malaysian citizens,Chinese,266.5
447,Female,20-24,2012,Malaysian citizens,Indians,89.7
448,Female,20-24,2012,Malaysian citizens,Others,12.3
449,Female,20-24,2012,Non-Malaysian citizens,Foreigner,189.2
450,Female,25-29,2012,Malaysian citizens,Bumiputera,816.6
451,Female,25-29,2012,Malaysian citizens,Chinese,266.3
452,Female,25-29,2012,Malaysian citizens,Indians,89.9
453,Female,25-29,2012,Malaysian citizens,Others,10.7
454,Female,25-29,2012,Non-Malaysian citizens,Foreigner,193.3
455,Female,30-34,2012,Malaysian citizens,Bumiputera,654.1
456,Female,30-34,2012,Malaysian citizens,Chinese,241.9
457,Female,30-34,2012,Malaysian citizens,Indians,78.7
458,Female,30-34,2012,Malaysian citizens,Others,7.6
459,Female,30-34,2012,Non-Malaysian citizens,Foreigner,128.6
460,Female,35-39,2012,Malaysian citizens,Bumiputera,551.7
461,Female,35-39,2012,Malaysian citizens,Chinese,224.2
462,Female,35-39,2012,Malaysian citizens,Indians,67.7
463,Female,35-39,2012,Malaysian citizens,Others,5.8
464,Female,35-39,2012,Non-Malaysian citizens,Foreigner,104.9
465,Female,40-44,2012,Malaysian citizens,Bumiputera,527.3
466,Female,40-44,2012,Malaysian citizens,Chinese,228.2
467,Female,40-44,2012,Malaysian citizens,Indians,66.5
468,Female,40-44,2012,Malaysian citizens,Others,5.4
469,Female,40-44,2012,Non-Malaysian citizens,Foreigner,74.0
470,Female,45-49,2012,Malaysian citizens,Bumiputera,481.9
471,Female,45-49,2012,Malaysian citizens,Chinese,215.7
472,Female,45-49,2012,Malaysian citizens,Indians,64.2
473,Female,45-49,2012,Malaysian citizens,Others,4.9
474,Female,45-49,2012,Non-Malaysian citizens,Foreigner,44.6
475,Female,50-54,2012,Malaysian citizens,Bumiputera,418.5
476,Female,50-54,2012,Malaysian citizens,Chinese,194.4
477,Female,50-54,2012,Malaysian citizens,Indians,58.6
478,Female,50-54,2012,Malaysian citizens,Others,4.1
479,Female,50-54,2012,Non-Malaysian citizens,Foreigner,28.0
480,Female,55-59,2012,Malaysian citizens,Bumiputera,333.1
481,Female,55-59,2012,Malaysian citizens,Chinese,167.8
482,Female,55-59,2012,Malaysian citizens,Indians,46.9
483,Female,55-59,2012,Malaysian citizens,Others,2.9
484,Female,55-59,2012,Non-Malaysian citizens,Foreigner,16.9
485,Female,60-64,2012,Malaysian citizens,Bumiputera,251.5
486,Female,60-64,2012,Malaysian citizens,Chinese,142.6
487,Female,60-64,2012,Malaysian citizens,Indians,35.8
488,Female,60-64,2012,Malaysian citizens,Others,2.0
489,Female,60-64,2012,Non-Malaysian citizens,Foreigner,11.3
490,Female,65-69,2012,Malaysian citizens,Bumiputera,172.9
491,Female,65-69,2012,Malaysian citizens,Chinese,103.7
492,Female,65-69,2012,Malaysian citizens,Indians,22.0
493,Female,65-69,2012,Malaysian citizens,Others,1.4
494,Female,65-69,2012,Non-Malaysian citizens,Foreigner,7.2
495,Female,70-74,2012,Malaysian citizens,Bumiputera,123.7
496,Female,70-74,2012,Malaysian citizens,Chinese,74.7
497,Female,70-74,2012,Malaysian citizens,Indians,13.9
498,Female,70-74,2012,Malaysian citizens,Others,1.0
499,Female,70-74,2012,Non-Malaysian citizens,Foreigner,4.2
500,Female,75-79,2012,Malaysian citizens,Bumiputera,78.5
501,Female,75-79,2012,Malaysian citizens,Chinese,48.7
502,Female,75-79,2012,Malaysian citizens,Indians,9.8
503,Female,75-79,2012,Malaysian citizens,Others,0.6
504,Female,75-79,2012,Non-Malaysian citizens,Foreigner,3.2
505,Female,80+,2012,Malaysian citizens,Bumiputera,82.0
506,Female,80+,2012,Malaysian citizens,Chinese,46.8
507,Female,80+,2012,Malaysian citizens,Indians,9.0
508,Female,80+,2012,Malaysian citizens,Others,0.7
509,Female,80+,2012,Non-Malaysian citizens,Foreigner,4.9
510,Male,00-04,2013,Malaysian citizens,Bumiputera,962.8
511,Male,00-04,2013,Malaysian citizens,Chinese,208.5
512,Male,00-04,2013,Malaysian citizens,Indians,70.5
513,Male,00-04,2013,Malaysian citizens,Others,21.8
514,Male,00-04,2013,Non-Malaysian citizens,Foreigner,58.5
515,Male,05-09,2013,Malaysian citizens,Bumiputera,945.6
516,Male,05-09,2013,Malaysian citizens,Chinese,235.0
517,Male,05-09,2013,Malaysian citizens,Indians,79.5
518,Male,05-09,2013,Malaysian citizens,Others,17.8
519,Male,05-09,2013,Non-Malaysian citizens,Foreigner,32.0
520,Male,10-14,2013,Malaysian citizens,Bumiputera,976.5
521,Male,10-14,2013,Malaysian citizens,Chinese,262.4
522,Male,10-14,2013,Malaysian citizens,Indians,88.5
523,Male,10-14,2013,Malaysian citizens,Others,15.0
524,Male,10-14,2013,Non-Malaysian citizens,Foreigner,28.2
525,Male,15-19,2013,Malaysian citizens,Bumiputera,961.3
526,Male,15-19,2013,Malaysian citizens,Chinese,274.8
527,Male,15-19,2013,Malaysian citizens,Indians,90.1
528,Male,15-19,2013,Malaysian citizens,Others,13.6
529,Male,15-19,2013,Non-Malaysian citizens,Foreigner,138.9
530,Male,20-24,2013,Malaysian citizens,Bumiputera,918.7
531,Male,20-24,2013,Malaysian citizens,Chinese,278.9
532,Male,20-24,2013,Malaysian citizens,Indians,92.8
533,Male,20-24,2013,Malaysian citizens,Others,13.1
534,Male,20-24,2013,Non-Malaysian citizens,Foreigner,328.2
535,Male,25-29,2013,Malaysian citizens,Bumiputera,830.5
536,Male,25-29,2013,Malaysian citizens,Chinese,269.0
537,Male,25-29,2013,Malaysian citizens,Indians,92.5
538,Male,25-29,2013,Malaysian citizens,Others,11.4
539,Male,25-29,2013,Non-Malaysian citizens,Foreigner,402.8
540,Male,30-34,2013,Malaysian citizens,Bumiputera,712.0
541,Male,30-34,2013,Malaysian citizens,Chinese,263.3
542,Male,30-34,2013,Malaysian citizens,Indians,84.4
543,Male,30-34,2013,Malaysian citizens,Others,8.1
544,Male,30-34,2013,Non-Malaysian citizens,Foreigner,272.0
545,Male,35-39,2013,Malaysian citizens,Bumiputera,566.1
546,Male,35-39,2013,Malaysian citizens,Chinese,245.4
547,Male,35-39,2013,Malaysian citizens,Indians,71.5
548,Male,35-39,2013,Malaysian citizens,Others,5.3
549,Male,35-39,2013,Non-Malaysian citizens,Foreigner,186.6
550,Male,40-44,2013,Malaysian citizens,Bumiputera,521.9
551,Male,40-44,2013,Malaysian citizens,Chinese,237.3
552,Male,40-44,2013,Malaysian citizens,Indians,63.7
553,Male,40-44,2013,Malaysian citizens,Others,4.8
554,Male,40-44,2013,Non-Malaysian citizens,Foreigner,119.9
555,Male,45-49,2013,Malaysian citizens,Bumiputera,488.0
556,Male,45-49,2013,Malaysian citizens,Chinese,232.4
557,Male,45-49,2013,Malaysian citizens,Indians,62.0
558,Male,45-49,2013,Malaysian citizens,Others,4.8
559,Male,45-49,2013,Non-Malaysian citizens,Foreigner,76.1
560,Male,50-54,2013,Malaysian citizens,Bumiputera,439.1
561,Male,50-54,2013,Malaysian citizens,Chinese,223.3
562,Male,50-54,2013,Malaysian citizens,Indians,59.0
563,Male,50-54,2013,Malaysian citizens,Others,4.7
564,Male,50-54,2013,Non-Malaysian citizens,Foreigner,48.7
565,Male,55-59,2013,Malaysian citizens,Bumiputera,348.9
566,Male,55-59,2013,Malaysian citizens,Chinese,190.1
567,Male,55-59,2013,Malaysian citizens,Indians,46.6
568,Male,55-59,2013,Malaysian citizens,Others,4.2
569,Male,55-59,2013,Non-Malaysian citizens,Foreigner,27.5
570,Male,60-64,2013,Malaysian citizens,Bumiputera,259.7
571,Male,60-64,2013,Malaysian citizens,Chinese,156.9
572,Male,60-64,2013,Malaysian citizens,Indians,34.0
573,Male,60-64,2013,Malaysian citizens,Others,2.7
574,Male,60-64,2013,Non-Malaysian citizens,Foreigner,16.8
575,Male,65-69,2013,Malaysian citizens,Bumiputera,175.5
576,Male,65-69,2013,Malaysian citizens,Chinese,120.4
577,Male,65-69,2013,Malaysian citizens,Indians,21.6
578,Male,65-69,2013,Malaysian citizens,Others,1.6
579,Male,65-69,2013,Non-Malaysian citizens,Foreigner,10.0
580,Male,70-74,2013,Malaysian citizens,Bumiputera,111.1
581,Male,70-74,2013,Malaysian citizens,Chinese,80.9
582,Male,70-74,2013,Malaysian citizens,Indians,11.5
583,Male,70-74,2013,Malaysian citizens,Others,1.1
584,Male,70-74,2013,Non-Malaysian citizens,Foreigner,6.2
585,Male,75-79,2013,Malaysian citizens,Bumiputera,71.0
586,Male,75-79,2013,Malaysian citizens,Chinese,53.8
587,Male,75-79,2013,Malaysian citizens,Indians,8.2
588,Male,75-79,2013,Malaysian citizens,Others,0.7
589,Male,75-79,2013,Non-Malaysian citizens,Foreigner,4.1
590,Male,80+,2013,Malaysian citizens,Bumiputera,65.5
591,Male,80+,2013,Malaysian citizens,Chinese,40.5
592,Male,80+,2013,Malaysian citizens,Indians,7.2
593,Male,80+,2013,Malaysian citizens,Others,0.7
594,Male,80+,2013,Non-Malaysian citizens,Foreigner,6.5
595,Female,00-04,2013,Malaysian citizens,Bumiputera,904.2
596,Female,00-04,2013,Malaysian citizens,Chinese,192.5
597,Female,00-04,2013,Malaysian citizens,Indians,67.0
598,Female,00-04,2013,Malaysian citizens,Others,20.3
599,Female,00-04,2013,Non-Malaysian citizens,Foreigner,53.2
600,Female,05-09,2013,Malaysian citizens,Bumiputera,901.3
601,Female,05-09,2013,Malaysian citizens,Chinese,220.1
602,Female,05-09,2013,Malaysian citizens,Indians,77.0
603,Female,05-09,2013,Malaysian citizens,Others,16.5
604,Female,05-09,2013,Non-Malaysian citizens,Foreigner,28.7
605,Female,10-14,2013,Malaysian citizens,Bumiputera,928.4
606,Female,10-14,2013,Malaysian citizens,Chinese,248.2
607,Female,10-14,2013,Malaysian citizens,Indians,84.0
608,Female,10-14,2013,Malaysian citizens,Others,13.9
609,Female,10-14,2013,Non-Malaysian citizens,Foreigner,25.4
610,Female,15-19,2013,Malaysian citizens,Bumiputera,924.9
611,Female,15-19,2013,Malaysian citizens,Chinese,260.2
612,Female,15-19,2013,Malaysian citizens,Indians,87.6
613,Female,15-19,2013,Malaysian citizens,Others,12.9
614,Female,15-19,2013,Non-Malaysian citizens,Foreigner,103.4
615,Female,20-24,2013,Malaysian citizens,Bumiputera,904.6
616,Female,20-24,2013,Malaysian citizens,Chinese,267.6
617,Female,20-24,2013,Malaysian citizens,Indians,89.4
618,Female,20-24,2013,Malaysian citizens,Others,12.6
619,Female,20-24,2013,Non-Malaysian citizens,Foreigner,216.1
620,Female,25-29,2013,Malaysian citizens,Bumiputera,834.1
621,Female,25-29,2013,Malaysian citizens,Chinese,267.3
622,Female,25-29,2013,Malaysian citizens,Indians,89.1
623,Female,25-29,2013,Malaysian citizens,Others,11.1
624,Female,25-29,2013,Non-Malaysian citizens,Foreigner,220.1
625,Female,30-34,2013,Malaysian citizens,Bumiputera,696.3
626,Female,30-34,2013,Malaysian citizens,Chinese,250.2
627,Female,30-34,2013,Malaysian citizens,Indians,82.3
628,Female,30-34,2013,Malaysian citizens,Others,8.3
629,Female,30-34,2013,Non-Malaysian citizens,Foreigner,145.6
630,Female,35-39,2013,Malaysian citizens,Bumiputera,555.7
631,Female,35-39,2013,Malaysian citizens,Chinese,224.3
632,Female,35-39,2013,Malaysian citizens,Indians,68.6
633,Female,35-39,2013,Malaysian citizens,Others,5.9
634,Female,35-39,2013,Non-Malaysian citizens,Foreigner,117.4
635,Female,40-44,2013,Malaysian citizens,Bumiputera,532.1
636,Female,40-44,2013,Malaysian citizens,Chinese,226.3
637,Female,40-44,2013,Malaysian citizens,Indians,66.4
638,Female,40-44,2013,Malaysian citizens,Others,5.5
639,Female,40-44,2013,Non-Malaysian citizens,Foreigner,82.6
640,Female,45-49,2013,Malaysian citizens,Bumiputera,492.1
641,Female,45-49,2013,Malaysian citizens,Chinese,220.7
642,Female,45-49,2013,Malaysian citizens,Indians,65.0
643,Female,45-49,2013,Malaysian citizens,Others,5.1
644,Female,45-49,2013,Non-Malaysian citizens,Foreigner,49.3
645,Female,50-54,2013,Malaysian citizens,Bumiputera,429.7
646,Female,50-54,2013,Malaysian citizens,Chinese,197.1
647,Female,50-54,2013,Malaysian citizens,Indians,59.7
648,Female,50-54,2013,Malaysian citizens,Others,4.2
649,Female,50-54,2013,Non-Malaysian citizens,Foreigner,31.2
650,Female,55-59,2013,Malaysian citizens,Bumiputera,350.0
651,Female,55-59,2013,Malaysian citizens,Chinese,173.2
652,Female,55-59,2013,Malaysian citizens,Indians,49.6
653,Female,55-59,2013,Malaysian citizens,Others,3.2
654,Female,55-59,2013,Non-Malaysian citizens,Foreigner,18.8
655,Female,60-64,2013,Malaysian citizens,Bumiputera,261.9
656,Female,60-64,2013,Malaysian citizens,Chinese,145.5
657,Female,60-64,2013,Malaysian citizens,Indians,37.2
658,Female,60-64,2013,Malaysian citizens,Others,2.1
659,Female,60-64,2013,Non-Malaysian citizens,Foreigner,12.4
660,Female,65-69,2013,Malaysian citizens,Bumiputera,186.4
661,Female,65-69,2013,Malaysian citizens,Chinese,112.3
662,Female,65-69,2013,Malaysian citizens,Indians,24.9
663,Female,65-69,2013,Malaysian citizens,Others,1.5
664,Female,65-69,2013,Non-Malaysian citizens,Foreigner,8.1
665,Female,70-74,2013,Malaysian citizens,Bumiputera,124.8
666,Female,70-74,2013,Malaysian citizens,Chinese,75.6
667,Female,70-74,2013,Malaysian citizens,Indians,13.8
668,Female,70-74,2013,Malaysian citizens,Others,1.0
669,Female,70-74,2013,Non-Malaysian citizens,Foreigner,4.4
670,Female,75-79,2013,Malaysian citizens,Bumiputera,84.8
671,Female,75-79,2013,Malaysian citizens,Chinese,53.4
672,Female,75-79,2013,Malaysian citizens,Indians,10.3
673,Female,75-79,2013,Malaysian citizens,Others,0.6
674,Female,75-79,2013,Non-Malaysian citizens,Foreigner,3.4
675,Female,80+,2013,Malaysian citizens,Bumiputera,83.6
676,Female,80+,2013,Malaysian citizens,Chinese,47.2
677,Female,80+,2013,Malaysian citizens,Indians,9.7
678,Female,80+,2013,Malaysian citizens,Others,0.7
679,Female,80+,2013,Non-Malaysian citizens,Foreigner,5.2
680,Male,00-04,2014,Malaysian citizens,Bumiputera,970.0
681,Male,00-04,2014,Malaysian citizens,Chinese,201.5
682,Male,00-04,2014,Malaysian citizens,Indians,68.9
683,Male,00-04,2014,Malaysian citizens,Others,22.3
684,Male,00-04,2014,Non-Malaysian citizens,Foreigner,67.6
685,Male,05-09,2014,Malaysian citizens,Bumiputera,944.7
686,Male,05-09,2014,Malaysian citizens,Chinese,229.4
687,Male,05-09,2014,Malaysian citizens,Indians,77.7
688,Male,05-09,2014,Malaysian citizens,Others,18.2
689,Male,05-09,2014,Non-Malaysian citizens,Foreigner,32.5
690,Male,10-14,2014,Malaysian citizens,Bumiputera,977.7
691,Male,10-14,2014,Malaysian citizens,Chinese,259.0
692,Male,10-14,2014,Malaysian citizens,Indians,87.1
693,Male,10-14,2014,Malaysian citizens,Others,15.4
694,Male,10-14,2014,Non-Malaysian citizens,Foreigner,28.8
695,Male,15-19,2014,Malaysian citizens,Bumiputera,959.9
696,Male,15-19,2014,Malaysian citizens,Chinese,270.3
697,Male,15-19,2014,Malaysian citizens,Indians,89.0
698,Male,15-19,2014,Malaysian citizens,Others,14.6
699,Male,15-19,2014,Non-Malaysian citizens,Foreigner,140.3
700,Male,20-24,2014,Malaysian citizens,Bumiputera,940.1
701,Male,20-24,2014,Malaysian citizens,Chinese,281.1
702,Male,20-24,2014,Malaysian citizens,Indians,90.8
703,Male,20-24,2014,Malaysian citizens,Others,13.1
704,Male,20-24,2014,Non-Malaysian citizens,Foreigner,343.9
705,Male,25-29,2014,Malaysian citizens,Bumiputera,844.4
706,Male,25-29,2014,Malaysian citizens,Chinese,267.2
707,Male,25-29,2014,Malaysian citizens,Indians,92.6
708,Male,25-29,2014,Malaysian citizens,Others,11.7
709,Male,25-29,2014,Non-Malaysian citizens,Foreigner,418.7
710,Male,30-34,2014,Malaysian citizens,Bumiputera,749.7
711,Male,30-34,2014,Malaysian citizens,Chinese,268.5
712,Male,30-34,2014,Malaysian citizens,Indians,86.9
713,Male,30-34,2014,Malaysian citizens,Others,8.9
714,Male,30-34,2014,Non-Malaysian citizens,Foreigner,285.5
715,Male,35-39,2014,Malaysian citizens,Bumiputera,581.4
716,Male,35-39,2014,Malaysian citizens,Chinese,246.9
717,Male,35-39,2014,Malaysian citizens,Indians,73.5
718,Male,35-39,2014,Malaysian citizens,Others,6.1
719,Male,35-39,2014,Non-Malaysian citizens,Foreigner,196.9
720,Male,40-44,2014,Malaysian citizens,Bumiputera,528.7
721,Male,40-44,2014,Malaysian citizens,Chinese,238.2
722,Male,40-44,2014,Malaysian citizens,Indians,64.8
723,Male,40-44,2014,Malaysian citizens,Others,4.8
724,Male,40-44,2014,Non-Malaysian citizens,Foreigner,124.2
725,Male,45-49,2014,Malaysian citizens,Bumiputera,489.7
726,Male,45-49,2014,Malaysian citizens,Chinese,230.7
727,Male,45-49,2014,Malaysian citizens,Indians,61.5
728,Male,45-49,2014,Malaysian citizens,Others,4.8
729,Male,45-49,2014,Non-Malaysian citizens,Foreigner,78.8
730,Male,50-54,2014,Malaysian citizens,Bumiputera,451.3
731,Male,50-54,2014,Malaysian citizens,Chinese,226.8
732,Male,50-54,2014,Malaysian citizens,Indians,59.7
733,Male,50-54,2014,Malaysian citizens,Others,4.6
734,Male,50-54,2014,Non-Malaysian citizens,Foreigner,51.1
735,Male,55-59,2014,Malaysian citizens,Bumiputera,362.4
736,Male,55-59,2014,Malaysian citizens,Chinese,195.9
737,Male,55-59,2014,Malaysian citizens,Indians,48.2
738,Male,55-59,2014,Malaysian citizens,Others,4.3
739,Male,55-59,2014,Non-Malaysian citizens,Foreigner,29.5
740,Male,60-64,2014,Malaysian citizens,Bumiputera,269.9
741,Male,60-64,2014,Malaysian citizens,Chinese,159.9
742,Male,60-64,2014,Malaysian citizens,Indians,35.2
743,Male,60-64,2014,Malaysian citizens,Others,3.0
744,Male,60-64,2014,Non-Malaysian citizens,Foreigner,17.9
745,Male,65-69,2014,Malaysian citizens,Bumiputera,187.3
746,Male,65-69,2014,Malaysian citizens,Chinese,127.7
747,Male,65-69,2014,Malaysian citizens,Indians,23.7
748,Male,65-69,2014,Malaysian citizens,Others,1.7
749,Male,65-69,2014,Non-Malaysian citizens,Foreigner,10.6
750,Male,70-74,2014,Malaysian citizens,Bumiputera,113.2
751,Male,70-74,2014,Malaysian citizens,Chinese,82.6
752,Male,70-74,2014,Malaysian citizens,Indians,11.9
753,Male,70-74,2014,Malaysian citizens,Others,1.2
754,Male,70-74,2014,Non-Malaysian citizens,Foreigner,6.2
755,Male,75-79,2014,Malaysian citizens,Bumiputera,74.5
756,Male,75-79,2014,Malaysian citizens,Chinese,58.1
757,Male,75-79,2014,Malaysian citizens,Indians,8.5
758,Male,75-79,2014,Malaysian citizens,Others,0.7
759,Male,75-79,2014,Non-Malaysian citizens,Foreigner,4.1
760,Male,80+,2014,Malaysian citizens,Bumiputera,68.3
761,Male,80+,2014,Malaysian citizens,Chinese,43.2
762,Male,80+,2014,Malaysian citizens,Indians,7.8
763,Male,80+,2014,Malaysian citizens,Others,0.8
764,Male,80+,2014,Non-Malaysian citizens,Foreigner,7.0
765,Female,00-04,2014,Malaysian citizens,Bumiputera,908.9
766,Female,00-04,2014,Malaysian citizens,Chinese,184.8
767,Female,00-04,2014,Malaysian citizens,Indians,63.4
768,Female,00-04,2014,Malaysian citizens,Others,21.0
769,Female,00-04,2014,Non-Malaysian citizens,Foreigner,62.7
770,Female,05-09,2014,Malaysian citizens,Bumiputera,897.7
771,Female,05-09,2014,Malaysian citizens,Chinese,214.6
772,Female,05-09,2014,Malaysian citizens,Indians,76.0
773,Female,05-09,2014,Malaysian citizens,Others,16.9
774,Female,05-09,2014,Non-Malaysian citizens,Foreigner,29.1
775,Female,10-14,2014,Malaysian citizens,Bumiputera,930.2
776,Female,10-14,2014,Malaysian citizens,Chinese,244.3
777,Female,10-14,2014,Malaysian citizens,Indians,83.2
778,Female,10-14,2014,Malaysian citizens,Others,14.3
779,Female,10-14,2014,Non-Malaysian citizens,Foreigner,25.5
780,Female,15-19,2014,Malaysian citizens,Bumiputera,919.6
781,Female,15-19,2014,Malaysian citizens,Chinese,255.8
782,Female,15-19,2014,Malaysian citizens,Indians,86.9
783,Female,15-19,2014,Malaysian citizens,Others,12.9
784,Female,15-19,2014,Non-Malaysian citizens,Foreigner,103.5
785,Female,20-24,2014,Malaysian citizens,Bumiputera,920.3
786,Female,20-24,2014,Malaysian citizens,Chinese,267.7
787,Female,20-24,2014,Malaysian citizens,Indians,90.1
788,Female,20-24,2014,Malaysian citizens,Others,12.7
789,Female,20-24,2014,Non-Malaysian citizens,Foreigner,222.6
790,Female,25-29,2014,Malaysian citizens,Bumiputera,850.8
791,Female,25-29,2014,Malaysian citizens,Chinese,268.0
792,Female,25-29,2014,Malaysian citizens,Indians,87.9
793,Female,25-29,2014,Malaysian citizens,Others,11.4
794,Female,25-29,2014,Non-Malaysian citizens,Foreigner,226.5
795,Female,30-34,2014,Malaysian citizens,Bumiputera,739.7
796,Female,30-34,2014,Malaysian citizens,Chinese,257.5
797,Female,30-34,2014,Malaysian citizens,Indians,85.8
798,Female,30-34,2014,Malaysian citizens,Others,9.0
799,Female,30-34,2014,Non-Malaysian citizens,Foreigner,151.5
800,Female,35-39,2014,Malaysian citizens,Bumiputera,566.3
801,Female,35-39,2014,Malaysian citizens,Chinese,226.2
802,Female,35-39,2014,Malaysian citizens,Indians,69.8
803,Female,35-39,2014,Malaysian citizens,Others,6.4
804,Female,35-39,2014,Non-Malaysian citizens,Foreigner,121.7
805,Female,40-44,2014,Malaysian citizens,Bumiputera,537.1
806,Female,40-44,2014,Malaysian citizens,Chinese,224.2
807,Female,40-44,2014,Malaysian citizens,Indians,66.7
808,Female,40-44,2014,Malaysian citizens,Others,5.5
809,Female,40-44,2014,Non-Malaysian citizens,Foreigner,86.2
810,Female,45-49,2014,Malaysian citizens,Bumiputera,501.3
811,Female,45-49,2014,Malaysian citizens,Chinese,224.3
812,Female,45-49,2014,Malaysian citizens,Indians,65.3
813,Female,45-49,2014,Malaysian citizens,Others,5.2
814,Female,45-49,2014,Non-Malaysian citizens,Foreigner,51.5
815,Female,50-54,2014,Malaysian citizens,Bumiputera,440.1
816,Female,50-54,2014,Malaysian citizens,Chinese,200.4
817,Female,50-54,2014,Malaysian citizens,Indians,60.8
818,Female,50-54,2014,Malaysian citizens,Others,4.4
819,Female,50-54,2014,Non-Malaysian citizens,Foreigner,33.1
820,Female,55-59,2014,Malaysian citizens,Bumiputera,366.0
821,Female,55-59,2014,Malaysian citizens,Chinese,178.5
822,Female,55-59,2014,Malaysian citizens,Indians,52.0
823,Female,55-59,2014,Malaysian citizens,Others,3.4
824,Female,55-59,2014,Non-Malaysian citizens,Foreigner,20.0
825,Female,60-64,2014,Malaysian citizens,Bumiputera,273.4
826,Female,60-64,2014,Malaysian citizens,Chinese,148.7
827,Female,60-64,2014,Malaysian citizens,Indians,38.8
828,Female,60-64,2014,Malaysian citizens,Others,2.3
829,Female,60-64,2014,Non-Malaysian citizens,Foreigner,13.0
830,Female,65-69,2014,Malaysian citizens,Bumiputera,199.4
831,Female,65-69,2014,Malaysian citizens,Chinese,120.4
832,Female,65-69,2014,Malaysian citizens,Indians,27.7
833,Female,65-69,2014,Malaysian citizens,Others,1.6
834,Female,65-69,2014,Non-Malaysian citizens,Foreigner,8.6
835,Female,70-74,2014,Malaysian citizens,Bumiputera,127.1
836,Female,70-74,2014,Malaysian citizens,Chinese,77.7
837,Female,70-74,2014,Malaysian citizens,Indians,14.3
838,Female,70-74,2014,Malaysian citizens,Others,1.1
839,Female,70-74,2014,Non-Malaysian citizens,Foreigner,4.3
840,Female,75-79,2014,Malaysian citizens,Bumiputera,89.9
841,Female,75-79,2014,Malaysian citizens,Chinese,57.5
842,Female,75-79,2014,Malaysian citizens,Indians,10.7
843,Female,75-79,2014,Malaysian citizens,Others,0.7
844,Female,75-79,2014,Non-Malaysian citizens,Foreigner,3.5
845,Female,80+,2014,Malaysian citizens,Bumiputera,85.7
846,Female,80+,2014,Malaysian citizens,Chinese,48.5
847,Female,80+,2014,Malaysian citizens,Indians,10.3
848,Female,80+,2014,Malaysian citizens,Others,0.7
849,Female,80+,2014,Non-Malaysian citizens,Foreigner,5.5
850,Male,00-04,2015,Malaysian citizens,Bumiputera,983.6
851,Male,00-04,2015,Malaysian citizens,Chinese,197.3
852,Male,00-04,2015,Malaysian citizens,Indians,64.9
853,Male,00-04,2015,Malaysian citizens,Others,22.7
854,Male,00-04,2015,Non-Malaysian citizens,Foreigner,75.9
855,Male,05-09,2015,Malaysian citizens,Bumiputera,942.3
856,Male,05-09,2015,Malaysian citizens,Chinese,223.5
857,Male,05-09,2015,Malaysian citizens,Indians,76.3
858,Male,05-09,2015,Malaysian citizens,Others,18.6
859,Male,05-09,2015,Non-Malaysian citizens,Foreigner,33.6
860,Male,10-14,2015,Malaysian citizens,Bumiputera,977.7
861,Male,10-14,2015,Malaysian citizens,Chinese,254.7
862,Male,10-14,2015,Malaysian citizens,Indians,86.1
863,Male,10-14,2015,Malaysian citizens,Others,15.7
864,Male,10-14,2015,Non-Malaysian citizens,Foreigner,29.4
865,Male,15-19,2015,Malaysian citizens,Bumiputera,957.5
866,Male,15-19,2015,Malaysian citizens,Chinese,266.7
867,Male,15-19,2015,Malaysian citizens,Indians,89.0
868,Male,15-19,2015,Malaysian citizens,Others,15.0
869,Male,15-19,2015,Non-Malaysian citizens,Foreigner,144.5
870,Male,20-24,2015,Malaysian citizens,Bumiputera,951.9
871,Male,20-24,2015,Malaysian citizens,Chinese,281.6
872,Male,20-24,2015,Malaysian citizens,Indians,89.0
873,Male,20-24,2015,Malaysian citizens,Others,13.3
874,Male,20-24,2015,Non-Malaysian citizens,Foreigner,356.8
875,Male,25-29,2015,Malaysian citizens,Bumiputera,863.1
876,Male,25-29,2015,Malaysian citizens,Chinese,267.8
877,Male,25-29,2015,Malaysian citizens,Indians,92.6
878,Male,25-29,2015,Malaysian citizens,Others,12.0
879,Male,25-29,2015,Non-Malaysian citizens,Foreigner,433.4
880,Male,30-34,2015,Malaysian citizens,Bumiputera,777.5
881,Male,30-34,2015,Malaysian citizens,Chinese,270.5
882,Male,30-34,2015,Malaysian citizens,Indians,88.4
883,Male,30-34,2015,Malaysian citizens,Others,9.7
884,Male,30-34,2015,Non-Malaysian citizens,Foreigner,295.4
885,Male,35-39,2015,Malaysian citizens,Bumiputera,602.9
886,Male,35-39,2015,Malaysian citizens,Chinese,249.9
887,Male,35-39,2015,Malaysian citizens,Indians,75.7
888,Male,35-39,2015,Malaysian citizens,Others,6.4
889,Male,35-39,2015,Non-Malaysian citizens,Foreigner,203.9
890,Male,40-44,2015,Malaysian citizens,Bumiputera,535.9
891,Male,40-44,2015,Malaysian citizens,Chinese,239.3
892,Male,40-44,2015,Malaysian citizens,Indians,65.6
893,Male,40-44,2015,Malaysian citizens,Others,4.9
894,Male,40-44,2015,Non-Malaysian citizens,Foreigner,127.9
895,Male,45-49,2015,Malaysian citizens,Bumiputera,492.6
896,Male,45-49,2015,Malaysian citizens,Chinese,230.1
897,Male,45-49,2015,Malaysian citizens,Indians,61.0
898,Male,45-49,2015,Malaysian citizens,Others,4.8
899,Male,45-49,2015,Non-Malaysian citizens,Foreigner,80.4
900,Male,50-54,2015,Malaysian citizens,Bumiputera,459.8
901,Male,50-54,2015,Malaysian citizens,Chinese,228.3
902,Male,50-54,2015,Malaysian citizens,Indians,60.2
903,Male,50-54,2015,Malaysian citizens,Others,4.6
904,Male,50-54,2015,Non-Malaysian citizens,Foreigner,51.7
905,Male,55-59,2015,Malaysian citizens,Bumiputera,376.4
906,Male,55-59,2015,Malaysian citizens,Chinese,201.2
907,Male,55-59,2015,Malaysian citizens,Indians,49.8
908,Male,55-59,2015,Malaysian citizens,Others,4.4
909,Male,55-59,2015,Non-Malaysian citizens,Foreigner,30.9
910,Male,60-64,2015,Malaysian citizens,Bumiputera,281.9
911,Male,60-64,2015,Malaysian citizens,Chinese,163.6
912,Male,60-64,2015,Malaysian citizens,Indians,36.6
913,Male,60-64,2015,Malaysian citizens,Others,3.2
914,Male,60-64,2015,Non-Malaysian citizens,Foreigner,18.7
915,Male,65-69,2015,Malaysian citizens,Bumiputera,198.7
916,Male,65-69,2015,Malaysian citizens,Chinese,133.2
917,Male,65-69,2015,Malaysian citizens,Indians,25.5
918,Male,65-69,2015,Malaysian citizens,Others,1.8
919,Male,65-69,2015,Non-Malaysian citizens,Foreigner,11.0
920,Male,70-74,2015,Malaysian citizens,Bumiputera,117.8
921,Male,70-74,2015,Malaysian citizens,Chinese,86.6
922,Male,70-74,2015,Malaysian citizens,Indians,13.0
923,Male,70-74,2015,Malaysian citizens,Others,1.2
924,Male,70-74,2015,Non-Malaysian citizens,Foreigner,6.4
925,Male,75-79,2015,Malaysian citizens,Bumiputera,76.9
926,Male,75-79,2015,Malaysian citizens,Chinese,60.8
927,Male,75-79,2015,Malaysian citizens,Indians,8.7
928,Male,75-79,2015,Malaysian citizens,Others,0.6
929,Male,75-79,2015,Non-Malaysian citizens,Foreigner,4.1
930,Male,80+,2015,Malaysian citizens,Bumiputera,72.3
931,Male,80+,2015,Malaysian citizens,Chinese,46.7
932,Male,80+,2015,Malaysian citizens,Indians,8.4
933,Male,80+,2015,Malaysian citizens,Others,0.8
934,Male,80+,2015,Non-Malaysian citizens,Foreigner,7.2
935,Female,00-04,2015,Malaysian citizens,Bumiputera,923.0
936,Female,00-04,2015,Malaysian citizens,Chinese,180.8
937,Female,00-04,2015,Malaysian citizens,Indians,60.8
938,Female,00-04,2015,Malaysian citizens,Others,21.5
939,Female,00-04,2015,Non-Malaysian citizens,Foreigner,71.1
940,Female,05-09,2015,Malaysian citizens,Bumiputera,893.1
941,Female,05-09,2015,Malaysian citizens,Chinese,208.6
942,Female,05-09,2015,Malaysian citizens,Indians,74.5
943,Female,05-09,2015,Malaysian citizens,Others,17.2
944,Female,05-09,2015,Non-Malaysian citizens,Foreigner,30.7
945,Female,10-14,2015,Malaysian citizens,Bumiputera,929.4
946,Female,10-14,2015,Malaysian citizens,Chinese,239.7
947,Female,10-14,2015,Malaysian citizens,Indians,82.4
948,Female,10-14,2015,Malaysian citizens,Others,14.6
949,Female,10-14,2015,Non-Malaysian citizens,Foreigner,26.3
950,Female,15-19,2015,Malaysian citizens,Bumiputera,915.4
951,Female,15-19,2015,Malaysian citizens,Chinese,252.5
952,Female,15-19,2015,Malaysian citizens,Indians,85.9
953,Female,15-19,2015,Malaysian citizens,Others,13.0
954,Female,15-19,2015,Non-Malaysian citizens,Foreigner,107.3
955,Female,20-24,2015,Malaysian citizens,Bumiputera,932.6
956,Female,20-24,2015,Malaysian citizens,Chinese,266.6
957,Female,20-24,2015,Malaysian citizens,Indians,89.6
958,Female,20-24,2015,Malaysian citizens,Others,12.7
959,Female,20-24,2015,Non-Malaysian citizens,Foreigner,231.4
960,Female,25-29,2015,Malaysian citizens,Bumiputera,866.9
961,Female,25-29,2015,Malaysian citizens,Chinese,267.2
962,Female,25-29,2015,Malaysian citizens,Indians,88.1
963,Female,25-29,2015,Malaysian citizens,Others,11.7
964,Female,25-29,2015,Non-Malaysian citizens,Foreigner,233.3
965,Female,30-34,2015,Malaysian citizens,Bumiputera,774.1
966,Female,30-34,2015,Malaysian citizens,Chinese,263.2
967,Female,30-34,2015,Malaysian citizens,Indians,87.2
968,Female,30-34,2015,Malaysian citizens,Others,9.6
969,Female,30-34,2015,Non-Malaysian citizens,Foreigner,155.7
970,Female,35-39,2015,Malaysian citizens,Bumiputera,585.6
971,Female,35-39,2015,Malaysian citizens,Chinese,229.9
972,Female,35-39,2015,Malaysian citizens,Indians,71.6
973,Female,35-39,2015,Malaysian citizens,Others,6.7
974,Female,35-39,2015,Non-Malaysian citizens,Foreigner,125.5
975,Female,40-44,2015,Malaysian citizens,Bumiputera,540.9
976,Female,40-44,2015,Malaysian citizens,Chinese,223.3
977,Female,40-44,2015,Malaysian citizens,Indians,66.7
978,Female,40-44,2015,Malaysian citizens,Others,5.6
979,Female,40-44,2015,Non-Malaysian citizens,Foreigner,88.6
980,Female,45-49,2015,Malaysian citizens,Bumiputera,508.7
981,Female,45-49,2015,Malaysian citizens,Chinese,226.2
982,Female,45-49,2015,Malaysian citizens,Indians,65.8
983,Female,45-49,2015,Malaysian citizens,Others,5.3
984,Female,45-49,2015,Non-Malaysian citizens,Foreigner,53.2
985,Female,50-54,2015,Malaysian citizens,Bumiputera,450.8
986,Female,50-54,2015,Malaysian citizens,Chinese,204.0
987,Female,50-54,2015,Malaysian citizens,Indians,61.5
988,Female,50-54,2015,Malaysian citizens,Others,4.6
989,Female,50-54,2015,Non-Malaysian citizens,Foreigner,34.7
990,Female,55-59,2015,Malaysian citizens,Bumiputera,380.0
991,Female,55-59,2015,Malaysian citizens,Chinese,183.0
992,Female,55-59,2015,Malaysian citizens,Indians,53.9
993,Female,55-59,2015,Malaysian citizens,Others,3.6
994,Female,55-59,2015,Non-Malaysian citizens,Foreigner,21.0
995,Female,60-64,2015,Malaysian citizens,Bumiputera,287.0
996,Female,60-64,2015,Malaysian citizens,Chinese,152.8
997,Female,60-64,2015,Malaysian citizens,Indians,40.5
998,Female,60-64,2015,Malaysian citizens,Others,2.4
999,Female,60-64,2015,Non-Malaysian citizens,Foreigner,13.6
1000,Female,65-69,2015,Malaysian citizens,Bumiputera,211.4
1001,Female,65-69,2015,Malaysian citizens,Chinese,126.5
1002,Female,65-69,2015,Malaysian citizens,Indians,29.7
1003,Female,65-69,2015,Malaysian citizens,Others,1.7
1004,Female,65-69,2015,Non-Malaysian citizens,Foreigner,9.0
1005,Female,70-74,2015,Malaysian citizens,Bumiputera,132.7
1006,Female,70-74,2015,Malaysian citizens,Chinese,82.0
1007,Female,70-74,2015,Malaysian citizens,Indians,15.5
1008,Female,70-74,2015,Malaysian citizens,Others,1.1
1009,Female,70-74,2015,Non-Malaysian citizens,Foreigner,4.4
1010,Female,75-79,2015,Malaysian citizens,Bumiputera,93.1
1011,Female,75-79,2015,Malaysian citizens,Chinese,60.3
1012,Female,75-79,2015,Malaysian citizens,Indians,10.9
1013,Female,75-79,2015,Malaysian citizens,Others,0.7
1014,Female,75-79,2015,Non-Malaysian citizens,Foreigner,3.4
1015,Female,80+,2015,Malaysian citizens,Bumiputera,89.2
1016,Female,80+,2015,Malaysian citizens,Chinese,50.6
1017,Female,80+,2015,Malaysian citizens,Indians,11.0
1018,Female,80+,2015,Malaysian citizens,Others,0.7
1019,Female,80+,2015,Non-Malaysian citizens,Foreigner,5.5
1020,Male,00-04,2016,Malaysian citizens,Bumiputera,1004.6
1021,Male,00-04,2016,Malaysian citizens,Chinese,193.2
1022,Male,00-04,2016,Malaysian citizens,Indians,63.0
1023,Male,00-04,2016,Malaysian citizens,Others,21.8
1024,Male,00-04,2016,Non-Malaysian citizens,Foreigner,77.3
1025,Male,05-09,2016,Malaysian citizens,Bumiputera,942.3
1026,Male,05-09,2016,Malaysian citizens,Chinese,216.6
1027,Male,05-09,2016,Malaysian citizens,Indians,74.5
1028,Male,05-09,2016,Malaysian citizens,Others,20.3
1029,Male,05-09,2016,Non-Malaysian citizens,Foreigner,41.7
1030,Male,10-14,2016,Malaysian citizens,Bumiputera,966.3
1031,Male,10-14,2016,Malaysian citizens,Chinese,246.6
1032,Male,10-14,2016,Malaysian citizens,Indians,83.7
1033,Male,10-14,2016,Malaysian citizens,Others,16.2
1034,Male,10-14,2016,Non-Malaysian citizens,Foreigner,30.1
1035,Male,15-19,2016,Malaysian citizens,Bumiputera,963.6
1036,Male,15-19,2016,Malaysian citizens,Chinese,265.6
1037,Male,15-19,2016,Malaysian citizens,Indians,88.4
1038,Male,15-19,2016,Malaysian citizens,Others,15.4
1039,Male,15-19,2016,Non-Malaysian citizens,Foreigner,148.5
1040,Male,20-24,2016,Malaysian citizens,Bumiputera,955.5
1041,Male,20-24,2016,Malaysian citizens,Chinese,279.7
1042,Male,20-24,2016,Malaysian citizens,Indians,87.7
1043,Male,20-24,2016,Malaysian citizens,Others,13.6
1044,Male,20-24,2016,Non-Malaysian citizens,Foreigner,367.4
1045,Male,25-29,2016,Malaysian citizens,Bumiputera,879.3
1046,Male,25-29,2016,Malaysian citizens,Chinese,272.2
1047,Male,25-29,2016,Malaysian citizens,Indians,91.4
1048,Male,25-29,2016,Malaysian citizens,Others,12.3
1049,Male,25-29,2016,Non-Malaysian citizens,Foreigner,446.8
1050,Male,30-34,2016,Malaysian citizens,Bumiputera,800.2
1051,Male,30-34,2016,Malaysian citizens,Chinese,270.0
1052,Male,30-34,2016,Malaysian citizens,Indians,89.5
1053,Male,30-34,2016,Malaysian citizens,Others,10.3
1054,Male,30-34,2016,Non-Malaysian citizens,Foreigner,303.6
1055,Male,35-39,2016,Malaysian citizens,Bumiputera,631.7
1056,Male,35-39,2016,Malaysian citizens,Chinese,253.3
1057,Male,35-39,2016,Malaysian citizens,Indians,77.2
1058,Male,35-39,2016,Malaysian citizens,Others,7.3
1059,Male,35-39,2016,Non-Malaysian citizens,Foreigner,210.0
1060,Male,40-44,2016,Malaysian citizens,Bumiputera,543.2
1061,Male,40-44,2016,Malaysian citizens,Chinese,240.9
1062,Male,40-44,2016,Malaysian citizens,Indians,66.7
1063,Male,40-44,2016,Malaysian citizens,Others,5.1
1064,Male,40-44,2016,Non-Malaysian citizens,Foreigner,131.9
1065,Male,45-49,2016,Malaysian citizens,Bumiputera,496.2
1066,Male,45-49,2016,Malaysian citizens,Chinese,230.2
1067,Male,45-49,2016,Malaysian citizens,Indians,60.4
1068,Male,45-49,2016,Malaysian citizens,Others,4.7
1069,Male,45-49,2016,Non-Malaysian citizens,Foreigner,82.2
1070,Male,50-54,2016,Malaysian citizens,Bumiputera,466.0
1071,Male,50-54,2016,Malaysian citizens,Chinese,228.1
1072,Male,50-54,2016,Malaysian citizens,Indians,60.2
1073,Male,50-54,2016,Malaysian citizens,Others,4.6
1074,Male,50-54,2016,Non-Malaysian citizens,Foreigner,53.2
1075,Male,55-59,2016,Malaysian citizens,Bumiputera,390.8
1076,Male,55-59,2016,Malaysian citizens,Chinese,206.2
1077,Male,55-59,2016,Malaysian citizens,Indians,51.5
1078,Male,55-59,2016,Malaysian citizens,Others,4.4
1079,Male,55-59,2016,Non-Malaysian citizens,Foreigner,32.1
1080,Male,60-64,2016,Malaysian citizens,Bumiputera,293.9
1081,Male,60-64,2016,Malaysian citizens,Chinese,168.1
1082,Male,60-64,2016,Malaysian citizens,Indians,38.1
1083,Male,60-64,2016,Malaysian citizens,Others,3.4
1084,Male,60-64,2016,Non-Malaysian citizens,Foreigner,19.7
1085,Male,65-69,2016,Malaysian citizens,Bumiputera,209.9
1086,Male,65-69,2016,Malaysian citizens,Chinese,137.7
1087,Male,65-69,2016,Malaysian citizens,Indians,27.1
1088,Male,65-69,2016,Malaysian citizens,Others,2.0
1089,Male,65-69,2016,Non-Malaysian citizens,Foreigner,11.5
1090,Male,70-74,2016,Malaysian citizens,Bumiputera,124.2
1091,Male,70-74,2016,Malaysian citizens,Chinese,91.8
1092,Male,70-74,2016,Malaysian citizens,Indians,14.4
1093,Male,70-74,2016,Malaysian citizens,Others,1.3
1094,Male,70-74,2016,Non-Malaysian citizens,Foreigner,6.6
1095,Male,75-79,2016,Malaysian citizens,Bumiputera,79.6
1096,Male,75-79,2016,Malaysian citizens,Chinese,63.0
1097,Male,75-79,2016,Malaysian citizens,Indians,8.9
1098,Male,75-79,2016,Malaysian citizens,Others,0.7
1099,Male,75-79,2016,Non-Malaysian citizens,Foreigner,4.1
1100,Male,80+,2016,Malaysian citizens,Bumiputera,75.5
1101,Male,80+,2016,Malaysian citizens,Chinese,50.4
1102,Male,80+,2016,Malaysian citizens,Indians,8.9
1103,Male,80+,2016,Malaysian citizens,Others,0.9
1104,Male,80+,2016,Non-Malaysian citizens,Foreigner,7.5
1105,Female,00-04,2016,Malaysian citizens,Bumiputera,940.5
1106,Female,00-04,2016,Malaysian citizens,Chinese,178.4
1107,Female,00-04,2016,Malaysian citizens,Indians,58.3
1108,Female,00-04,2016,Malaysian citizens,Others,21.0
1109,Female,00-04,2016,Non-Malaysian citizens,Foreigner,72.1
1110,Female,05-09,2016,Malaysian citizens,Bumiputera,888.6
1111,Female,05-09,2016,Malaysian citizens,Chinese,200.4
1112,Female,05-09,2016,Malaysian citizens,Indians,71.9
1113,Female,05-09,2016,Malaysian citizens,Others,18.8
1114,Female,05-09,2016,Non-Malaysian citizens,Foreigner,38.5
1115,Female,10-14,2016,Malaysian citizens,Bumiputera,918.6
1116,Female,10-14,2016,Malaysian citizens,Chinese,231.8
1117,Female,10-14,2016,Malaysian citizens,Indians,80.6
1118,Female,10-14,2016,Malaysian citizens,Others,15.0
1119,Female,10-14,2016,Non-Malaysian citizens,Foreigner,27.0
1120,Female,15-19,2016,Malaysian citizens,Bumiputera,920.4
1121,Female,15-19,2016,Malaysian citizens,Chinese,252.3
1122,Female,15-19,2016,Malaysian citizens,Indians,85.1
1123,Female,15-19,2016,Malaysian citizens,Others,13.2
1124,Female,15-19,2016,Non-Malaysian citizens,Foreigner,110.0
1125,Female,20-24,2016,Malaysian citizens,Bumiputera,932.8
1126,Female,20-24,2016,Malaysian citizens,Chinese,264.3
1127,Female,20-24,2016,Malaysian citizens,Indians,89.2
1128,Female,20-24,2016,Malaysian citizens,Others,12.7
1129,Female,20-24,2016,Non-Malaysian citizens,Foreigner,241.8
1130,Female,25-29,2016,Malaysian citizens,Bumiputera,880.7
1131,Female,25-29,2016,Malaysian citizens,Chinese,267.1
1132,Female,25-29,2016,Malaysian citizens,Indians,88.6
1133,Female,25-29,2016,Malaysian citizens,Others,11.9
1134,Female,25-29,2016,Non-Malaysian citizens,Foreigner,239.1
1135,Female,30-34,2016,Malaysian citizens,Bumiputera,800.9
1136,Female,30-34,2016,Malaysian citizens,Chinese,265.8
1137,Female,30-34,2016,Malaysian citizens,Indians,87.7
1138,Female,30-34,2016,Malaysian citizens,Others,10.1
1139,Female,30-34,2016,Non-Malaysian citizens,Foreigner,159.6
1140,Female,35-39,2016,Malaysian citizens,Bumiputera,613.9
1141,Female,35-39,2016,Malaysian citizens,Chinese,235.0
1142,Female,35-39,2016,Malaysian citizens,Indians,74.5
1143,Female,35-39,2016,Malaysian citizens,Others,7.3
1144,Female,35-39,2016,Non-Malaysian citizens,Foreigner,126.5
1145,Female,40-44,2016,Malaysian citizens,Bumiputera,544.4
1146,Female,40-44,2016,Malaysian citizens,Chinese,223.2
1147,Female,40-44,2016,Malaysian citizens,Indians,66.4
1148,Female,40-44,2016,Malaysian citizens,Others,5.7
1149,Female,40-44,2016,Non-Malaysian citizens,Foreigner,90.9
1150,Female,45-49,2016,Malaysian citizens,Bumiputera,514.6
1151,Female,45-49,2016,Malaysian citizens,Chinese,226.8
1152,Female,45-49,2016,Malaysian citizens,Indians,66.1
1153,Female,45-49,2016,Malaysian citizens,Others,5.3
1154,Female,45-49,2016,Non-Malaysian citizens,Foreigner,54.8
1155,Female,50-54,2016,Malaysian citizens,Bumiputera,461.8
1156,Female,50-54,2016,Malaysian citizens,Chinese,208.3
1157,Female,50-54,2016,Malaysian citizens,Indians,62.2
1158,Female,50-54,2016,Malaysian citizens,Others,4.7
1159,Female,50-54,2016,Non-Malaysian citizens,Foreigner,36.1
1160,Female,55-59,2016,Malaysian citizens,Bumiputera,392.0
1161,Female,55-59,2016,Malaysian citizens,Chinese,186.8
1162,Female,55-59,2016,Malaysian citizens,Indians,55.6
1163,Female,55-59,2016,Malaysian citizens,Others,3.8
1164,Female,55-59,2016,Non-Malaysian citizens,Foreigner,22.2
1165,Female,60-64,2016,Malaysian citizens,Bumiputera,301.3
1166,Female,60-64,2016,Malaysian citizens,Chinese,157.3
1167,Female,60-64,2016,Malaysian citizens,Indians,42.1
1168,Female,60-64,2016,Malaysian citizens,Others,2.6
1169,Female,60-64,2016,Non-Malaysian citizens,Foreigner,14.2
1170,Female,65-69,2016,Malaysian citizens,Bumiputera,222.5
1171,Female,65-69,2016,Malaysian citizens,Chinese,131.6
1172,Female,65-69,2016,Malaysian citizens,Indians,31.7
1173,Female,65-69,2016,Malaysian citizens,Others,1.8
1174,Female,65-69,2016,Non-Malaysian citizens,Foreigner,9.4
1175,Female,70-74,2016,Malaysian citizens,Bumiputera,140.6
1176,Female,70-74,2016,Malaysian citizens,Chinese,88.0
1177,Female,70-74,2016,Malaysian citizens,Indians,17.3
1178,Female,70-74,2016,Malaysian citizens,Others,1.2
1179,Female,70-74,2016,Non-Malaysian citizens,Foreigner,4.6
1180,Female,75-79,2016,Malaysian citizens,Bumiputera,96.6
1181,Female,75-79,2016,Malaysian citizens,Chinese,62.5
1182,Female,75-79,2016,Malaysian citizens,Indians,11.2
1183,Female,75-79,2016,Malaysian citizens,Others,0.7
1184,Female,75-79,2016,Non-Malaysian citizens,Foreigner,3.3
1185,Female,80+,2016,Malaysian citizens,Bumiputera,92.3
1186,Female,80+,2016,Malaysian citizens,Chinese,52.6
1187,Female,80+,2016,Malaysian citizens,Indians,11.5
1188,Female,80+,2016,Malaysian citizens,Others,0.7
1189,Female,80+,2016,Non-Malaysian citizens,Foreigner,5.5
1190,Male,00-04,2017,Malaysian citizens,Bumiputera,1008.7
1191,Male,00-04,2017,Malaysian citizens,Chinese,184.1
1192,Male,00-04,2017,Malaysian citizens,Indians,60.4
1193,Male,00-04,2017,Malaysian citizens,Others,21.5
1194,Male,00-04,2017,Non-Malaysian citizens,Foreigner,75.4
1195,Male,05-09,2017,Malaysian citizens,Bumiputera,952.2
1196,Male,05-09,2017,Malaysian citizens,Chinese,212.3
1197,Male,05-09,2017,Malaysian citizens,Indians,72.7
1198,Male,05-09,2017,Malaysian citizens,Others,20.9
1199,Male,05-09,2017,Non-Malaysian citizens,Foreigner,49.7
1200,Male,10-14,2017,Malaysian citizens,Bumiputera,955.6
1201,Male,10-14,2017,Malaysian citizens,Chinese,240.5
1202,Male,10-14,2017,Malaysian citizens,Indians,81.6
1203,Male,10-14,2017,Malaysian citizens,Others,16.9
1204,Male,10-14,2017,Non-Malaysian citizens,Foreigner,30.4
1205,Male,15-19,2017,Malaysian citizens,Bumiputera,969.6
1206,Male,15-19,2017,Malaysian citizens,Chinese,263.6
1207,Male,15-19,2017,Malaysian citizens,Indians,88.3
1208,Male,15-19,2017,Malaysian citizens,Others,15.3
1209,Male,15-19,2017,Non-Malaysian citizens,Foreigner,150.8
1210,Male,20-24,2017,Malaysian citizens,Bumiputera,956.7
1211,Male,20-24,2017,Malaysian citizens,Chinese,276.5
1212,Male,20-24,2017,Malaysian citizens,Indians,87.5
1213,Male,20-24,2017,Malaysian citizens,Others,14.0
1214,Male,20-24,2017,Non-Malaysian citizens,Foreigner,372.5
1215,Male,25-29,2017,Malaysian citizens,Bumiputera,898.6
1216,Male,25-29,2017,Malaysian citizens,Chinese,275.5
1217,Male,25-29,2017,Malaysian citizens,Indians,90.5
1218,Male,25-29,2017,Malaysian citizens,Others,12.5
1219,Male,25-29,2017,Non-Malaysian citizens,Foreigner,454.3
1220,Male,30-34,2017,Malaysian citizens,Bumiputera,815.9
1221,Male,30-34,2017,Malaysian citizens,Chinese,269.0
1222,Male,30-34,2017,Malaysian citizens,Indians,90.4
1223,Male,30-34,2017,Malaysian citizens,Others,10.8
1224,Male,30-34,2017,Non-Malaysian citizens,Foreigner,307.4
1225,Male,35-39,2017,Malaysian citizens,Bumiputera,667.0
1226,Male,35-39,2017,Malaysian citizens,Chinese,257.9
1227,Male,35-39,2017,Malaysian citizens,Indians,79.9
1228,Male,35-39,2017,Malaysian citizens,Others,7.8
1229,Male,35-39,2017,Non-Malaysian citizens,Foreigner,213.5
1230,Male,40-44,2017,Malaysian citizens,Bumiputera,549.8
1231,Male,40-44,2017,Malaysian citizens,Chinese,241.8
1232,Male,40-44,2017,Malaysian citizens,Indians,67.9
1233,Male,40-44,2017,Malaysian citizens,Others,5.5
1234,Male,40-44,2017,Non-Malaysian citizens,Foreigner,134.5
1235,Male,45-49,2017,Malaysian citizens,Bumiputera,502.0
1236,Male,45-49,2017,Malaysian citizens,Chinese,231.3
1237,Male,45-49,2017,Malaysian citizens,Indians,60.6
1238,Male,45-49,2017,Malaysian citizens,Others,4.6
1239,Male,45-49,2017,Non-Malaysian citizens,Foreigner,82.9
1240,Male,50-54,2017,Malaysian citizens,Bumiputera,469.0
1241,Male,50-54,2017,Malaysian citizens,Chinese,227.1
1242,Male,50-54,2017,Malaysian citizens,Indians,59.6
1243,Male,50-54,2017,Malaysian citizens,Others,4.7
1244,Male,50-54,2017,Non-Malaysian citizens,Foreigner,54.0
1245,Male,55-59,2017,Malaysian citizens,Bumiputera,404.8
1246,Male,55-59,2017,Malaysian citizens,Chinese,210.9
1247,Male,55-59,2017,Malaysian citizens,Indians,53.1
1248,Male,55-59,2017,Malaysian citizens,Others,4.4
1249,Male,55-59,2017,Non-Malaysian citizens,Foreigner,32.8
1250,Male,60-64,2017,Malaysian citizens,Bumiputera,306.7
1251,Male,60-64,2017,Malaysian citizens,Chinese,173.3
1252,Male,60-64,2017,Malaysian citizens,Indians,39.7
1253,Male,60-64,2017,Malaysian citizens,Others,3.6
1254,Male,60-64,2017,Non-Malaysian citizens,Foreigner,20.7
1255,Male,65-69,2017,Malaysian citizens,Bumiputera,219.9
1256,Male,65-69,2017,Malaysian citizens,Chinese,140.8
1257,Male,65-69,2017,Malaysian citizens,Indians,28.3
1258,Male,65-69,2017,Malaysian citizens,Others,2.1
1259,Male,65-69,2017,Non-Malaysian citizens,Foreigner,11.8
1260,Male,70-74,2017,Malaysian citizens,Bumiputera,132.8
1261,Male,70-74,2017,Malaysian citizens,Chinese,98.4
1262,Male,70-74,2017,Malaysian citizens,Indians,16.1
1263,Male,70-74,2017,Malaysian citizens,Others,1.3
1264,Male,70-74,2017,Non-Malaysian citizens,Foreigner,6.9
1265,Male,75-79,2017,Malaysian citizens,Bumiputera,81.2
1266,Male,75-79,2017,Malaysian citizens,Chinese,63.3
1267,Male,75-79,2017,Malaysian citizens,Indians,8.8
1268,Male,75-79,2017,Malaysian citizens,Others,0.8
1269,Male,75-79,2017,Non-Malaysian citizens,Foreigner,4.0
1270,Male,80+,2017,Malaysian citizens,Bumiputera,79.0
1271,Male,80+,2017,Malaysian citizens,Chinese,55.1
1272,Male,80+,2017,Malaysian citizens,Indians,9.5
1273,Male,80+,2017,Malaysian citizens,Others,0.9
1274,Male,80+,2017,Non-Malaysian citizens,Foreigner,7.6
1275,Female,00-04,2017,Malaysian citizens,Bumiputera,945.3
1276,Female,00-04,2017,Malaysian citizens,Chinese,171.3
1277,Female,00-04,2017,Malaysian citizens,Indians,56.2
1278,Female,00-04,2017,Malaysian citizens,Others,20.5
1279,Female,00-04,2017,Non-Malaysian citizens,Foreigner,70.2
1280,Female,05-09,2017,Malaysian citizens,Bumiputera,895.2
1281,Female,05-09,2017,Malaysian citizens,Chinese,195.7
1282,Female,05-09,2017,Malaysian citizens,Indians,69.5
1283,Female,05-09,2017,Malaysian citizens,Others,19.5
1284,Female,05-09,2017,Non-Malaysian citizens,Foreigner,45.9
1285,Female,10-14,2017,Malaysian citizens,Bumiputera,908.1
1286,Female,10-14,2017,Malaysian citizens,Chinese,225.3
1287,Female,10-14,2017,Malaysian citizens,Indians,79.1
1288,Female,10-14,2017,Malaysian citizens,Others,15.7
1289,Female,10-14,2017,Non-Malaysian citizens,Foreigner,27.6
1290,Female,15-19,2017,Malaysian citizens,Bumiputera,925.0
1291,Female,15-19,2017,Malaysian citizens,Chinese,249.6
1292,Female,15-19,2017,Malaysian citizens,Indians,84.4
1293,Female,15-19,2017,Malaysian citizens,Others,13.4
1294,Female,15-19,2017,Non-Malaysian citizens,Foreigner,111.1
1295,Female,20-24,2017,Malaysian citizens,Bumiputera,930.2
1296,Female,20-24,2017,Malaysian citizens,Chinese,261.3
1297,Female,20-24,2017,Malaysian citizens,Indians,88.5
1298,Female,20-24,2017,Malaysian citizens,Others,12.7
1299,Female,20-24,2017,Non-Malaysian citizens,Foreigner,244.8
1300,Female,25-29,2017,Malaysian citizens,Bumiputera,896.1
1301,Female,25-29,2017,Malaysian citizens,Chinese,267.2
1302,Female,25-29,2017,Malaysian citizens,Indians,89.3
1303,Female,25-29,2017,Malaysian citizens,Others,12.2
1304,Female,25-29,2017,Non-Malaysian citizens,Foreigner,242.5
1305,Female,30-34,2017,Malaysian citizens,Bumiputera,821.2
1306,Female,30-34,2017,Malaysian citizens,Chinese,267.1
1307,Female,30-34,2017,Malaysian citizens,Indians,87.8
1308,Female,30-34,2017,Malaysian citizens,Others,10.6
1309,Female,30-34,2017,Non-Malaysian citizens,Foreigner,161.4
1310,Female,35-39,2017,Malaysian citizens,Bumiputera,652.0
1311,Female,35-39,2017,Malaysian citizens,Chinese,241.8
1312,Female,35-39,2017,Malaysian citizens,Indians,78.3
1313,Female,35-39,2017,Malaysian citizens,Others,7.9
1314,Female,35-39,2017,Non-Malaysian citizens,Foreigner,128.5
1315,Female,40-44,2017,Malaysian citizens,Bumiputera,546.6
1316,Female,40-44,2017,Malaysian citizens,Chinese,223.0
1317,Female,40-44,2017,Malaysian citizens,Indians,66.6
1318,Female,40-44,2017,Malaysian citizens,Others,5.9
1319,Female,40-44,2017,Non-Malaysian citizens,Foreigner,91.7
1320,Female,45-49,2017,Malaysian citizens,Bumiputera,520.6
1321,Female,45-49,2017,Malaysian citizens,Chinese,225.9
1322,Female,45-49,2017,Malaysian citizens,Indians,66.2
1323,Female,45-49,2017,Malaysian citizens,Others,5.4
1324,Female,45-49,2017,Non-Malaysian citizens,Foreigner,56.0
1325,Female,50-54,2017,Malaysian citizens,Bumiputera,472.3
1326,Female,50-54,2017,Malaysian citizens,Chinese,212.9
1327,Female,50-54,2017,Malaysian citizens,Indians,62.9
1328,Female,50-54,2017,Malaysian citizens,Others,4.9
1329,Female,50-54,2017,Non-Malaysian citizens,Foreigner,37.0
1330,Female,55-59,2017,Malaysian citizens,Bumiputera,403.7
1331,Female,55-59,2017,Malaysian citizens,Chinese,190.0
1332,Female,55-59,2017,Malaysian citizens,Indians,56.9
1333,Female,55-59,2017,Malaysian citizens,Others,4.0
1334,Female,55-59,2017,Non-Malaysian citizens,Foreigner,23.3
1335,Female,60-64,2017,Malaysian citizens,Bumiputera,316.7
1336,Female,60-64,2017,Malaysian citizens,Chinese,162.3
1337,Female,60-64,2017,Malaysian citizens,Indians,44.4
1338,Female,60-64,2017,Malaysian citizens,Others,2.8
1339,Female,60-64,2017,Non-Malaysian citizens,Foreigner,14.9
1340,Female,65-69,2017,Malaysian citizens,Bumiputera,232.5
1341,Female,65-69,2017,Malaysian citizens,Chinese,135.5
1342,Female,65-69,2017,Malaysian citizens,Indians,33.1
1343,Female,65-69,2017,Malaysian citizens,Others,1.9
1344,Female,65-69,2017,Non-Malaysian citizens,Foreigner,9.7
1345,Female,70-74,2017,Malaysian citizens,Bumiputera,151.1
1346,Female,70-74,2017,Malaysian citizens,Chinese,95.5
1347,Female,70-74,2017,Malaysian citizens,Indians,19.6
1348,Female,70-74,2017,Malaysian citizens,Others,1.3
1349,Female,70-74,2017,Non-Malaysian citizens,Foreigner,4.9
1350,Female,75-79,2017,Malaysian citizens,Bumiputera,98.6
1351,Female,75-79,2017,Malaysian citizens,Chinese,63.2
1352,Female,75-79,2017,Malaysian citizens,Indians,11.2
1353,Female,75-79,2017,Malaysian citizens,Others,0.8
1354,Female,75-79,2017,Non-Malaysian citizens,Foreigner,3.1
1355,Female,80+,2017,Malaysian citizens,Bumiputera,96.3
1356,Female,80+,2017,Malaysian citizens,Chinese,56.1
1357,Female,80+,2017,Malaysian citizens,Indians,12.1
1358,Female,80+,2017,Malaysian citizens,Others,0.8
1359,Female,80+,2017,Non-Malaysian citizens,Foreigner,5.6
1360,Male,00-04,2018,Malaysian citizens,Bumiputera,1015.0
1361,Male,00-04,2018,Malaysian citizens,Chinese,173.0
1362,Male,00-04,2018,Malaysian citizens,Indians,58.2
1363,Male,00-04,2018,Malaysian citizens,Others,20.9
1364,Male,00-04,2018,Non-Malaysian citizens,Foreigner,71.7
1365,Male,05-09,2018,Malaysian citizens,Bumiputera,964.2
1366,Male,05-09,2018,Malaysian citizens,Chinese,209.2
1367,Male,05-09,2018,Malaysian citizens,Indians,70.9
1368,Male,05-09,2018,Malaysian citizens,Others,21.6
1369,Male,05-09,2018,Non-Malaysian citizens,Foreigner,58.9
1370,Male,10-14,2018,Malaysian citizens,Bumiputera,946.5
1371,Male,10-14,2018,Malaysian citizens,Chinese,234.9
1372,Male,10-14,2018,Malaysian citizens,Indians,79.5
1373,Male,10-14,2018,Malaysian citizens,Others,17.5
1374,Male,10-14,2018,Non-Malaysian citizens,Foreigner,30.6
1375,Male,15-19,2018,Malaysian citizens,Bumiputera,972.8
1376,Male,15-19,2018,Malaysian citizens,Chinese,261.5
1377,Male,15-19,2018,Malaysian citizens,Indians,87.7
1378,Male,15-19,2018,Malaysian citizens,Others,15.2
1379,Male,15-19,2018,Non-Malaysian citizens,Foreigner,152.0
1380,Male,20-24,2018,Malaysian citizens,Bumiputera,954.7
1381,Male,20-24,2018,Malaysian citizens,Chinese,272.6
1382,Male,20-24,2018,Malaysian citizens,Indians,87.5
1383,Male,20-24,2018,Malaysian citizens,Others,14.4
1384,Male,20-24,2018,Non-Malaysian citizens,Foreigner,374.8
1385,Male,25-29,2018,Malaysian citizens,Bumiputera,917.7
1386,Male,25-29,2018,Malaysian citizens,Chinese,278.5
1387,Male,25-29,2018,Malaysian citizens,Indians,89.2
1388,Male,25-29,2018,Malaysian citizens,Others,12.7
1389,Male,25-29,2018,Non-Malaysian citizens,Foreigner,458.5
1390,Male,30-34,2018,Malaysian citizens,Bumiputera,827.8
1391,Male,30-34,2018,Malaysian citizens,Chinese,267.7
1392,Male,30-34,2018,Malaysian citizens,Indians,90.7
1393,Male,30-34,2018,Malaysian citizens,Others,11.2
1394,Male,30-34,2018,Non-Malaysian citizens,Foreigner,308.6
1395,Male,35-39,2018,Malaysian citizens,Bumiputera,705.4
1396,Male,35-39,2018,Malaysian citizens,Chinese,262.4
1397,Male,35-39,2018,Malaysian citizens,Indians,82.5
1398,Male,35-39,2018,Malaysian citizens,Others,8.4
1399,Male,35-39,2018,Non-Malaysian citizens,Foreigner,215.4
1400,Male,40-44,2018,Malaysian citizens,Bumiputera,558.3
1401,Male,40-44,2018,Malaysian citizens,Chinese,242.8
1402,Male,40-44,2018,Malaysian citizens,Indians,69.1
1403,Male,40-44,2018,Malaysian citizens,Others,5.9
1404,Male,40-44,2018,Non-Malaysian citizens,Foreigner,136.0
1405,Male,45-49,2018,Malaysian citizens,Bumiputera,508.8
1406,Male,45-49,2018,Malaysian citizens,Chinese,232.8
1407,Male,45-49,2018,Malaysian citizens,Indians,61.2
1408,Male,45-49,2018,Malaysian citizens,Others,4.6
1409,Male,45-49,2018,Non-Malaysian citizens,Foreigner,83.2
1410,Male,50-54,2018,Malaysian citizens,Bumiputera,470.1
1411,Male,50-54,2018,Malaysian citizens,Chinese,225.6
1412,Male,50-54,2018,Malaysian citizens,Indians,58.6
1413,Male,50-54,2018,Malaysian citizens,Others,4.7
1414,Male,50-54,2018,Non-Malaysian citizens,Foreigner,54.5
1415,Male,55-59,2018,Malaysian citizens,Bumiputera,417.5
1416,Male,55-59,2018,Malaysian citizens,Chinese,214.8
1417,Male,55-59,2018,Malaysian citizens,Indians,54.4
1418,Male,55-59,2018,Malaysian citizens,Others,4.3
1419,Male,55-59,2018,Non-Malaysian citizens,Foreigner,33.3
1420,Male,60-64,2018,Malaysian citizens,Bumiputera,319.8
1421,Male,60-64,2018,Malaysian citizens,Chinese,178.9
1422,Male,60-64,2018,Malaysian citizens,Indians,41.3
1423,Male,60-64,2018,Malaysian citizens,Others,3.8
1424,Male,60-64,2018,Non-Malaysian citizens,Foreigner,21.7
1425,Male,65-69,2018,Malaysian citizens,Bumiputera,228.9
1426,Male,65-69,2018,Malaysian citizens,Chinese,143.2
1427,Male,65-69,2018,Malaysian citizens,Indians,29.4
1428,Male,65-69,2018,Malaysian citizens,Others,2.3
1429,Male,65-69,2018,Non-Malaysian citizens,Foreigner,12.1
1430,Male,70-74,2018,Malaysian citizens,Bumiputera,143.7
1431,Male,70-74,2018,Malaysian citizens,Chinese,105.7
1432,Male,70-74,2018,Malaysian citizens,Indians,18.1
1433,Male,70-74,2018,Malaysian citizens,Others,1.3
1434,Male,70-74,2018,Non-Malaysian citizens,Foreigner,7.1
1435,Male,75-79,2018,Malaysian citizens,Bumiputera,82.2
1436,Male,75-79,2018,Malaysian citizens,Chinese,63.4
1437,Male,75-79,2018,Malaysian citizens,Indians,8.8
1438,Male,75-79,2018,Malaysian citizens,Others,0.8
1439,Male,75-79,2018,Non-Malaysian citizens,Foreigner,4.0
1440,Male,80+,2018,Malaysian citizens,Bumiputera,82.8
1441,Male,80+,2018,Malaysian citizens,Chinese,60.3
1442,Male,80+,2018,Malaysian citizens,Indians,10.3
1443,Male,80+,2018,Malaysian citizens,Others,0.9
1444,Male,80+,2018,Non-Malaysian citizens,Foreigner,7.7
1445,Female,00-04,2018,Malaysian citizens,Bumiputera,953.4
1446,Female,00-04,2018,Malaysian citizens,Chinese,161.5
1447,Female,00-04,2018,Malaysian citizens,Indians,55.3
1448,Female,00-04,2018,Malaysian citizens,Others,19.7
1449,Female,00-04,2018,Non-Malaysian citizens,Foreigner,66.6
1450,Female,05-09,2018,Malaysian citizens,Bumiputera,902.2
1451,Female,05-09,2018,Malaysian citizens,Chinese,192.6
1452,Female,05-09,2018,Malaysian citizens,Indians,66.4
1453,Female,05-09,2018,Malaysian citizens,Others,20.4
1454,Female,05-09,2018,Non-Malaysian citizens,Foreigner,54.0
1455,Female,10-14,2018,Malaysian citizens,Bumiputera,899.8
1456,Female,10-14,2018,Malaysian citizens,Chinese,219.6
1457,Female,10-14,2018,Malaysian citizens,Indians,77.5
1458,Female,10-14,2018,Malaysian citizens,Others,16.2
1459,Female,10-14,2018,Non-Malaysian citizens,Foreigner,28.0
1460,Female,15-19,2018,Malaysian citizens,Bumiputera,926.9
1461,Female,15-19,2018,Malaysian citizens,Chinese,246.8
1462,Female,15-19,2018,Malaysian citizens,Indians,83.6
1463,Female,15-19,2018,Malaysian citizens,Others,13.7
1464,Female,15-19,2018,Non-Malaysian citizens,Foreigner,111.8
1465,Female,20-24,2018,Malaysian citizens,Bumiputera,924.6
1466,Female,20-24,2018,Malaysian citizens,Chinese,258.1
1467,Female,20-24,2018,Malaysian citizens,Indians,87.4
1468,Female,20-24,2018,Malaysian citizens,Others,12.7
1469,Female,20-24,2018,Non-Malaysian citizens,Foreigner,245.7
1470,Female,25-29,2018,Malaysian citizens,Bumiputera,910.6
1471,Female,25-29,2018,Malaysian citizens,Chinese,267.4
1472,Female,25-29,2018,Malaysian citizens,Indians,89.7
1473,Female,25-29,2018,Malaysian citizens,Others,12.4
1474,Female,25-29,2018,Non-Malaysian citizens,Foreigner,245.0
1475,Female,30-34,2018,Malaysian citizens,Bumiputera,836.2
1476,Female,30-34,2018,Malaysian citizens,Chinese,266.9
1477,Female,30-34,2018,Malaysian citizens,Indians,87.3
1478,Female,30-34,2018,Malaysian citizens,Others,10.9
1479,Female,30-34,2018,Non-Malaysian citizens,Foreigner,161.6
1480,Female,35-39,2018,Malaysian citizens,Bumiputera,694.9
1481,Female,35-39,2018,Malaysian citizens,Chinese,249.6
1482,Female,35-39,2018,Malaysian citizens,Indians,81.8
1483,Female,35-39,2018,Malaysian citizens,Others,8.4
1484,Female,35-39,2018,Non-Malaysian citizens,Foreigner,129.9
1485,Female,40-44,2018,Malaysian citizens,Bumiputera,550.4
1486,Female,40-44,2018,Malaysian citizens,Chinese,223.6
1487,Female,40-44,2018,Malaysian citizens,Indians,67.2
1488,Female,40-44,2018,Malaysian citizens,Others,6.2
1489,Female,40-44,2018,Non-Malaysian citizens,Foreigner,91.6
1490,Female,45-49,2018,Malaysian citizens,Bumiputera,525.8
1491,Female,45-49,2018,Malaysian citizens,Chinese,224.3
1492,Female,45-49,2018,Malaysian citizens,Indians,66.1
1493,Female,45-49,2018,Malaysian citizens,Others,5.4
1494,Female,45-49,2018,Non-Malaysian citizens,Foreigner,56.8
1495,Female,50-54,2018,Malaysian citizens,Bumiputera,482.2
1496,Female,50-54,2018,Malaysian citizens,Chinese,217.6
1497,Female,50-54,2018,Malaysian citizens,Indians,63.5
1498,Female,50-54,2018,Malaysian citizens,Others,5.0
1499,Female,50-54,2018,Non-Malaysian citizens,Foreigner,37.8
1500,Female,55-59,2018,Malaysian citizens,Bumiputera,414.5
1501,Female,55-59,2018,Malaysian citizens,Chinese,193.0
1502,Female,55-59,2018,Malaysian citizens,Indians,57.9
1503,Female,55-59,2018,Malaysian citizens,Others,4.1
1504,Female,55-59,2018,Non-Malaysian citizens,Foreigner,24.3
1505,Female,60-64,2018,Malaysian citizens,Bumiputera,332.1
1506,Female,60-64,2018,Malaysian citizens,Chinese,167.7
1507,Female,60-64,2018,Malaysian citizens,Indians,46.7
1508,Female,60-64,2018,Malaysian citizens,Others,3.0
1509,Female,60-64,2018,Non-Malaysian citizens,Foreigner,15.6
1510,Female,65-69,2018,Malaysian citizens,Bumiputera,242.2
1511,Female,65-69,2018,Malaysian citizens,Chinese,138.6
1512,Female,65-69,2018,Malaysian citizens,Indians,34.2
1513,Female,65-69,2018,Malaysian citizens,Others,2.0
1514,Female,65-69,2018,Non-Malaysian citizens,Foreigner,10.0
1515,Female,70-74,2018,Malaysian citizens,Bumiputera,163.5
1516,Female,70-74,2018,Malaysian citizens,Chinese,103.8
1517,Female,70-74,2018,Malaysian citizens,Indians,22.2
1518,Female,70-74,2018,Malaysian citizens,Others,1.4
1519,Female,70-74,2018,Non-Malaysian citizens,Foreigner,5.3
1520,Female,75-79,2018,Malaysian citizens,Bumiputera,99.7
1521,Female,75-79,2018,Malaysian citizens,Chinese,63.9
1522,Female,75-79,2018,Malaysian citizens,Indians,11.0
1523,Female,75-79,2018,Malaysian citizens,Others,0.8
1524,Female,75-79,2018,Non-Malaysian citizens,Foreigner,3.0
1525,Female,80+,2018,Malaysian citizens,Bumiputera,100.5
1526,Female,80+,2018,Malaysian citizens,Chinese,59.8
1527,Female,80+,2018,Malaysian citizens,Indians,12.9
1528,Female,80+,2018,Malaysian citizens,Others,0.8
1529,Female,80+,2018,Non-Malaysian citizens,Foreigner,5.7
1530,Male,00-04,2019,Malaysian citizens,Bumiputera,1023.7
1531,Male,00-04,2019,Malaysian citizens,Chinese,166.6
1532,Male,00-04,2019,Malaysian citizens,Indians,56.6
1533,Male,00-04,2019,Malaysian citizens,Others,20.6
1534,Male,00-04,2019,Non-Malaysian citizens,Foreigner,52.4
1535,Male,05-09,2019,Malaysian citizens,Bumiputera,969.8
1536,Male,05-09,2019,Malaysian citizens,Chinese,201.4
1537,Male,05-09,2019,Malaysian citizens,Indians,68.1
1538,Male,05-09,2019,Malaysian citizens,Others,22.0
1539,Male,05-09,2019,Non-Malaysian citizens,Foreigner,44.7
1540,Male,10-14,2019,Malaysian citizens,Bumiputera,944.5
1541,Male,10-14,2019,Malaysian citizens,Chinese,229.3
1542,Male,10-14,2019,Malaysian citizens,Indians,77.9
1543,Male,10-14,2019,Malaysian citizens,Others,18.0
1544,Male,10-14,2019,Non-Malaysian citizens,Foreigner,26.1
1545,Male,15-19,2019,Malaysian citizens,Bumiputera,973.4
1546,Male,15-19,2019,Malaysian citizens,Chinese,258.5
1547,Male,15-19,2019,Malaysian citizens,Indians,86.9
1548,Male,15-19,2019,Malaysian citizens,Others,15.3
1549,Male,15-19,2019,Non-Malaysian citizens,Foreigner,152.1
1550,Male,20-24,2019,Malaysian citizens,Bumiputera,951.0
1551,Male,20-24,2019,Malaysian citizens,Chinese,268.8
1552,Male,20-24,2019,Malaysian citizens,Indians,87.4
1553,Male,20-24,2019,Malaysian citizens,Others,14.7
1554,Male,20-24,2019,Non-Malaysian citizens,Foreigner,380.5
1555,Male,25-29,2019,Malaysian citizens,Bumiputera,932.9
1556,Male,25-29,2019,Malaysian citizens,Chinese,280.1
1557,Male,25-29,2019,Malaysian citizens,Indians,88.0
1558,Male,25-29,2019,Malaysian citizens,Others,12.8
1559,Male,25-29,2019,Non-Malaysian citizens,Foreigner,466.0
1560,Male,30-34,2019,Malaysian citizens,Bumiputera,841.0
1561,Male,30-34,2019,Malaysian citizens,Chinese,268.1
1562,Male,30-34,2019,Malaysian citizens,Indians,90.6
1563,Male,30-34,2019,Malaysian citizens,Others,11.5
1564,Male,30-34,2019,Non-Malaysian citizens,Foreigner,311.2
1565,Male,35-39,2019,Malaysian citizens,Bumiputera,740.4
1566,Male,35-39,2019,Malaysian citizens,Chinese,265.9
1567,Male,35-39,2019,Malaysian citizens,Indians,84.8
1568,Male,35-39,2019,Malaysian citizens,Others,9.0
1569,Male,35-39,2019,Non-Malaysian citizens,Foreigner,214.1
1570,Male,40-44,2019,Malaysian citizens,Bumiputera,572.0
1571,Male,40-44,2019,Malaysian citizens,Chinese,244.5
1572,Male,40-44,2019,Malaysian citizens,Indians,70.7
1573,Male,40-44,2019,Malaysian citizens,Others,6.3
1574,Male,40-44,2019,Non-Malaysian citizens,Foreigner,133.0
1575,Male,45-49,2019,Malaysian citizens,Bumiputera,515.7
1576,Male,45-49,2019,Malaysian citizens,Chinese,234.4
1577,Male,45-49,2019,Malaysian citizens,Indians,62.0
1578,Male,45-49,2019,Malaysian citizens,Others,4.6
1579,Male,45-49,2019,Non-Malaysian citizens,Foreigner,79.4
1580,Male,50-54,2019,Malaysian citizens,Bumiputera,471.5
1581,Male,50-54,2019,Malaysian citizens,Chinese,224.4
1582,Male,50-54,2019,Malaysian citizens,Indians,57.7
1583,Male,50-54,2019,Malaysian citizens,Others,4.7
1584,Male,50-54,2019,Non-Malaysian citizens,Foreigner,49.8
1585,Male,55-59,2019,Malaysian citizens,Bumiputera,427.7
1586,Male,55-59,2019,Malaysian citizens,Chinese,217.5
1587,Male,55-59,2019,Malaysian citizens,Indians,55.3
1588,Male,55-59,2019,Malaysian citizens,Others,4.3
1589,Male,55-59,2019,Non-Malaysian citizens,Foreigner,29.0
1590,Male,60-64,2019,Malaysian citizens,Bumiputera,333.0
1591,Male,60-64,2019,Malaysian citizens,Chinese,184.5
1592,Male,60-64,2019,Malaysian citizens,Indians,43.0
1593,Male,60-64,2019,Malaysian citizens,Others,3.9
1594,Male,60-64,2019,Non-Malaysian citizens,Foreigner,18.7
1595,Male,65-69,2019,Malaysian citizens,Bumiputera,238.2
1596,Male,65-69,2019,Malaysian citizens,Chinese,145.6
1597,Male,65-69,2019,Malaysian citizens,Indians,30.5
1598,Male,65-69,2019,Malaysian citizens,Others,2.6
1599,Male,65-69,2019,Non-Malaysian citizens,Foreigner,10.6
1600,Male,70-74,2019,Malaysian citizens,Bumiputera,154.5
1601,Male,70-74,2019,Malaysian citizens,Chinese,112.1
1602,Male,70-74,2019,Malaysian citizens,Indians,19.8
1603,Male,70-74,2019,Malaysian citizens,Others,1.4
1604,Male,70-74,2019,Non-Malaysian citizens,Foreigner,6.5
1605,Male,75-79,2019,Malaysian citizens,Bumiputera,84.0
1606,Male,75-79,2019,Malaysian citizens,Chinese,65.1
1607,Male,75-79,2019,Malaysian citizens,Indians,9.2
1608,Male,75-79,2019,Malaysian citizens,Others,0.9
1609,Male,75-79,2019,Non-Malaysian citizens,Foreigner,3.7
1610,Male,80+,2019,Malaysian citizens,Bumiputera,87.6
1611,Male,80+,2019,Malaysian citizens,Chinese,65.1
1612,Male,80+,2019,Malaysian citizens,Indians,10.9
1613,Male,80+,2019,Malaysian citizens,Others,1.0
1614,Male,80+,2019,Non-Malaysian citizens,Foreigner,7.0
1615,Female,00-04,2019,Malaysian citizens,Bumiputera,960.2
1616,Female,00-04,2019,Malaysian citizens,Chinese,155.8
1617,Female,00-04,2019,Malaysian citizens,Indians,54.9
1618,Female,00-04,2019,Malaysian citizens,Others,19.3
1619,Female,00-04,2019,Non-Malaysian citizens,Foreigner,48.4
1620,Female,05-09,2019,Malaysian citizens,Bumiputera,906.8
1621,Female,05-09,2019,Malaysian citizens,Chinese,185.0
1622,Female,05-09,2019,Malaysian citizens,Indians,62.8
1623,Female,05-09,2019,Malaysian citizens,Others,20.9
1624,Female,05-09,2019,Non-Malaysian citizens,Foreigner,40.3
1625,Female,10-14,2019,Malaysian citizens,Bumiputera,894.5
1626,Female,10-14,2019,Malaysian citizens,Chinese,214.0
1627,Female,10-14,2019,Malaysian citizens,Indians,75.4
1628,Female,10-14,2019,Malaysian citizens,Others,16.6
1629,Female,10-14,2019,Non-Malaysian citizens,Foreigner,23.3
1630,Female,15-19,2019,Malaysian citizens,Bumiputera,929.0
1631,Female,15-19,2019,Malaysian citizens,Chinese,243.4
1632,Female,15-19,2019,Malaysian citizens,Indians,83.1
1633,Female,15-19,2019,Malaysian citizens,Others,14.1
1634,Female,15-19,2019,Non-Malaysian citizens,Foreigner,110.4
1635,Female,20-24,2019,Malaysian citizens,Bumiputera,917.9
1636,Female,20-24,2019,Malaysian citizens,Chinese,254.9
1637,Female,20-24,2019,Malaysian citizens,Indians,86.3
1638,Female,20-24,2019,Malaysian citizens,Others,12.7
1639,Female,20-24,2019,Non-Malaysian citizens,Foreigner,246.1
1640,Female,25-29,2019,Malaysian citizens,Bumiputera,923.2
1641,Female,25-29,2019,Malaysian citizens,Chinese,267.1
1642,Female,25-29,2019,Malaysian citizens,Indians,89.7
1643,Female,25-29,2019,Malaysian citizens,Others,12.6
1644,Female,25-29,2019,Non-Malaysian citizens,Foreigner,245.2
1645,Female,30-34,2019,Malaysian citizens,Bumiputera,849.8
1646,Female,30-34,2019,Malaysian citizens,Chinese,266.1
1647,Female,30-34,2019,Malaysian citizens,Indians,87.1
1648,Female,30-34,2019,Malaysian citizens,Others,11.2
1649,Female,30-34,2019,Non-Malaysian citizens,Foreigner,158.3
1650,Female,35-39,2019,Malaysian citizens,Bumiputera,735.0
1651,Female,35-39,2019,Malaysian citizens,Chinese,256.6
1652,Female,35-39,2019,Malaysian citizens,Indians,84.6
1653,Female,35-39,2019,Malaysian citizens,Others,9.0
1654,Female,35-39,2019,Non-Malaysian citizens,Foreigner,125.6
1655,Female,40-44,2019,Malaysian citizens,Bumiputera,560.8
1656,Female,40-44,2019,Malaysian citizens,Chinese,225.4
1657,Female,40-44,2019,Malaysian citizens,Indians,68.6
1658,Female,40-44,2019,Malaysian citizens,Others,6.5
1659,Female,40-44,2019,Non-Malaysian citizens,Foreigner,86.0
1660,Female,45-49,2019,Malaysian citizens,Bumiputera,530.5
1661,Female,45-49,2019,Malaysian citizens,Chinese,222.7
1662,Female,45-49,2019,Malaysian citizens,Indians,65.8
1663,Female,45-49,2019,Malaysian citizens,Others,5.4
1664,Female,45-49,2019,Non-Malaysian citizens,Foreigner,50.3
1665,Female,50-54,2019,Malaysian citizens,Bumiputera,490.6
1666,Female,50-54,2019,Malaysian citizens,Chinese,221.2
1667,Female,50-54,2019,Malaysian citizens,Indians,64.1
1668,Female,50-54,2019,Malaysian citizens,Others,5.1
1669,Female,50-54,2019,Non-Malaysian citizens,Foreigner,32.1
1670,Female,55-59,2019,Malaysian citizens,Bumiputera,425.8
1671,Female,55-59,2019,Malaysian citizens,Chinese,196.2
1672,Female,55-59,2019,Malaysian citizens,Indians,58.7
1673,Female,55-59,2019,Malaysian citizens,Others,4.3
1674,Female,55-59,2019,Non-Malaysian citizens,Foreigner,20.0
1675,Female,60-64,2019,Malaysian citizens,Bumiputera,346.4
1676,Female,60-64,2019,Malaysian citizens,Chinese,172.7
1677,Female,60-64,2019,Malaysian citizens,Indians,49.0
1678,Female,60-64,2019,Malaysian citizens,Others,3.2
1679,Female,60-64,2019,Non-Malaysian citizens,Foreigner,13.0
1680,Female,65-69,2019,Malaysian citizens,Bumiputera,252.8
1681,Female,65-69,2019,Malaysian citizens,Chinese,141.8
1682,Female,65-69,2019,Malaysian citizens,Indians,35.4
1683,Female,65-69,2019,Malaysian citizens,Others,2.1
1684,Female,65-69,2019,Non-Malaysian citizens,Foreigner,8.4
1685,Female,70-74,2019,Malaysian citizens,Bumiputera,175.7
1686,Female,70-74,2019,Malaysian citizens,Chinese,111.3
1687,Female,70-74,2019,Malaysian citizens,Indians,24.6
1688,Female,70-74,2019,Malaysian citizens,Others,1.5
1689,Female,70-74,2019,Non-Malaysian citizens,Foreigner,4.5
1690,Female,75-79,2019,Malaysian citizens,Bumiputera,102.0
1691,Female,75-79,2019,Malaysian citizens,Chinese,66.4
1692,Female,75-79,2019,Malaysian citizens,Indians,11.6
1693,Female,75-79,2019,Malaysian citizens,Others,0.8
1694,Female,75-79,2019,Non-Malaysian citizens,Foreigner,2.7
1695,Female,80+,2019,Malaysian citizens,Bumiputera,105.4
1696,Female,80+,2019,Malaysian citizens,Chinese,63.3
1697,Female,80+,2019,Malaysian citizens,Indians,13.5
1698,Female,80+,2019,Malaysian citizens,Others,0.9
1699,Female,80+,2019,Non-Malaysian citizens,Foreigner,5.1
